-1.1273,-0.219542,-0.0849842,-0.00533168,0.180866,-0.108435,0.725555,-0.512566,0.2012,-6.47188,2.25314,18.7783,1.3249,0.198379,-0.112458,-5.16686,-3.95957,15.4026
-1.0618,-0.215536,-0.0802315,-0.0453438,0.0955526,-0.116658,0.759656,-0.679599,-2.75324,-5.84497,2.80472,18.935,1.54786,0.794821,6.41924,-4.51321,-2.87451,12.1563
-1.0004,-0.203985,-0.073241,-0.0273298,0.0308873,-0.111646,0.754282,-0.487098,0.364339,-5.89534,2.70084,19.1061,1.50996,0.342588,7.92981,-4.49831,-2.77333,11.6737
-0.943683,-0.194458,-0.0672986,-0.0237913,-0.0157689,-0.10238,0.826286,-0.928291,-0.972672,-4.77526,2.79278,19.1978,0.889326,1.63369,10.284,-3.63478,-2.00893,6.82676
-0.89074,-0.183471,-0.0610512,-0.00769525,-0.0515344,-0.0870315,0.757674,-0.52288,0.397721,-4.78163,2.60091,19.2545,0.912649,1.42139,10.4067,-3.60415,-2.15091,6.7454
-0.841054,-0.17431,-0.0545421,-0.00317297,-0.0780009,-0.070596,0.822156,-0.941008,-0.404075,-3.88616,1.8775,19.2842,0.495038,2.21726,13.6832,-2.80532,-2.01697,2.46764
-0.795143,-0.166137,-0.0471944,-0.00429839,-0.0883172,-0.0519831,0.78204,-0.385905,0.298984,-3.85405,1.65125,19.3038,0.557129,2.00784,13.6316,-2.74414,-2.17161,2.38441
-0.752981,-0.160022,-0.0368423,-0.020483,-0.0748577,-0.0300248,0.8207,-0.75977,-0.223535,-3.0923,0.503253,19.3099,0.442619,2.58237,16.8377,-1.83883,-2.05661,-2.23529
-0.709641,-0.151713,-0.0347383,-0.0119067,-0.112997,-0.0187584,0.805403,-0.16255,0.189188,-3.0737,0.284157,19.3095,0.494234,2.37457,16.806,-1.75227,-2.28805,-1.32886
-0.66675,-0.141902,-0.0331338,0.00884094,-0.160878,-0.00950597,0.69568,-0.879735,0.378466,-2.67894,-1.02987,19.3135,0.596425,2.94162,19.089,-0.954601,-2.30844,-5.47052
-0.625625,-0.1359,-0.0329338,0.00559618,-0.210421,-0.00656917,0.712379,-0.129529,0.0174515,-2.66796,-1.2318,19.3075,0.634064,2.74599,19.0827,-0.99725,-2.29941,-1.09499
-0.588707,-0.125451,-0.0292797,0.0339309,-0.228208,0.00269338,0.623717,-1.17623,0.919185,-2.73019,-2.61207,19.2768,0.639039,3.10888,19.6796,-0.130799,-1.81226,-4.91354
-0.555118,-0.121716,-0.0266654,0.0169402,-0.237005,0.00144828,0.66185,-0.256168,-0.0790039,-2.72444,-2.80821,19.2285,0.666376,2.88259,19.7461,-0.333974,-1.62174,-0.0288284
-0.523411,-0.111374,-0.0229707,0.0480806,-0.240077,0.0103329,0.64762,-0.871019,1.54529,-3.19272,-4.21688,19.1373,0.532245,2.85489,19.7336,0.016151,-1.62112,-1.60089
-0.494953,-0.111193,-0.0201495,0.00800861,-0.23363,0.00385741,0.747405,0.0111437,-0.144413,-3.17685,-4.39882,19.032,0.557028,2.63569,19.7591,-0.189437,-0.98453,0.522852
-0.467371,-0.0998328,-0.0164281,0.0502233,-0.230001,0.0179628,0.775583,-0.28736,2.28589,-3.66066,-5.59221,18.908,0.636206,2.33927,18.8785,-0.264638,-1.29835,0.0314289
-0.443025,-0.101802,-0.0131926,-0.00237362,-0.215406,0.0120485,0.877646,0.432964,-0.312613,-3.63728,-5.77737,18.7627,0.670083,2.09843,18.9211,-0.367837,-0.439725,0.498889
-0.4187,-0.0902819,-0.00924346,0.0448214,-0.209752,0.0333786,1.03929,0.339338,2.56311,-4.0381,-6.77814,18.6158,0.792646,1.60799,18.0631,-0.577382,-0.958702,0.705858
-0.397359,-0.0939897,-0.0055799,-0.0171958,-0.194349,0.0311295,1.1062,0.809925,-0.439794,-4.01406,-6.96475,18.4548,0.831902,1.36806,18.0737,-0.56491,-0.0347175,0.210798
-0.375269,-0.0816047,-0.00148496,0.0405484,-0.192907,0.0622843,1.38342,0.924372,2.98293,-4.23931,-7.53991,18.2979,1.31473,0.753265,17.2807,-0.790462,-0.593109,1.09821
-0.355895,-0.088717,0.00230174,-0.0434434,-0.183624,0.060613,1.38521,1.15656,-0.448357,-4.2236,-7.72844,18.1285,1.34309,0.52307,17.2507,-0.681458,0.314436,-0.209032
-0.333423,-0.0788598,0.00613432,-0.00133902,-0.201365,0.0929448,2.0616,1.67787,4.20352,-4.27024,-7.61174,18.0056,2.25625,-0.113287,16.5655,-0.944321,-0.194102,2.29554
-0.314241,-0.0931841,0.0132947,-0.138072,-0.209424,0.068815,2.23205,-0.0406834,7.8731,-4.22994,-7.77558,17.4431,2.27789,-0.42623,16.5221,-0.79798,0.552057,-0.0142169
-0.293896,-0.0826597,0.016506,-0.0875153,-0.215082,0.109175,2.79621,-0.348312,15.0516,-3.27914,-6.47389,11.8631,3.57163,-1.07892,15.2991,-1.2265,0.205478,2.49438
-0.275994,-0.0668464,0.0194163,0.00142152,-0.201,0.158311,2.79471,-1.01219,15.7582,-3.27895,-6.67276,11.18,3.55122,-1.49903,15.2899,-1.04426,0.773907,-0.557885
-0.256796,-0.0547812,0.0225137,0.0630612,-0.208019,0.191858,3.12588,-0.67802,20.1697,-1.64393,-5.02044,1.78058,4.43389,-2.30569,15.323,-1.24738,0.870633,3.12489
-0.236223,-0.0460664,0.031037,0.0936246,-0.230358,0.211495,3.18819,-0.855445,19.7443,-1.57986,-5.15689,1.59635,4.45664,-2.50861,15.0671,-1.03275,1.29103,-0.490223
-0.201472,-0.0437005,0.054865,0.0627936,-0.377092,0.216542,3.59111,-0.331064,19.914,-0.348009,-3.25008,-6.68175,4.86792,-2.67744,15.8782,-1.01453,2.10835,0.937784
-0.193316,-0.0326283,0.0470051,0.126841,-0.3174,0.210939,3.69096,-0.505453,19.7601,-0.51643,-3.77309,-1.82187,4.88109,-2.80956,15.5558,-1.00581,1.87236,-0.49221
-0.182287,-0.025798,0.0419775,0.156024,-0.285208,0.193851,4.20984,0.244916,19.6555,-0.224206,-2.64166,-5.37312,4.55283,-2.75486,15.6912,-1.09673,2.31132,1.2106
-0.17239,-0.0221443,0.0390464,0.161233,-0.246246,0.161974,4.35086,0.0362245,19.6092,-0.316718,-2.45493,-0.711242,4.6043,-2.92923,15.4902,-1.03164,1.89663,-0.323709
-0.16025,-0.0144665,0.0384112,0.195363,-0.231001,0.139156,4.87614,0.342781,19.671,-0.213253,-1.77908,-2.67855,3.85076,-2.70447,13.0525,-1.48792,1.57613,6.685
-0.14846,-0.0051194,0.0373097,0.244757,-0.217957,0.121411,4.85276,0.250901,19.8349,-0.396849,-1.06534,0.263678,3.74852,-2.60288,12.547,-1.58526,0.994538,8.69672
-0.137094,0.00512632,0.0361246,0.303115,-0.204167,0.110085,4.41729,0.970851,19.9395,-0.603867,-0.54468,-0.687901,3.08059,-2.25573,7.82103,-2.18521,2.30705,13.4951
-0.127234,0.013737,0.0352503,0.350422,-0.183478,0.0983798,4.35595,0.835633,20.0192,-0.725104,0.148975,0.570653,2.98432,-2.28567,7.53839,-2.23478,2.22373,13.3161
-0.117401,0.0214821,0.0342752,0.392232,-0.167041,0.0872432,3.65283,1.48648,20.0643,-0.979654,0.174716,0.268546,2.42603,-2.51177,3.36974,-2.66787,3.31116,18.1141
-0.111035,0.0283733,0.0376195,0.430987,-0.113446,0.0741088,3.58533,1.3179,20.1314,-0.975185,0.75936,0.468695,2.33249,-2.42182,2.89198,-2.70965,3.29027,17.5615
-0.113307,0.0384136,0.0567523,0.502645,0.0576154,0.0613916,2.8743,1.4694,20.1448,-1.08305,0.180832,0.720634,1.6313,-2.40642,-3.40247,-2.9841,3.69596,19.495
-0.100224,0.0354656,0.044891,0.457974,-0.0105445,0.0444084,2.8396,1.30299,20.1586,-0.950115,0.785624,0.144257,1.53218,-2.69713,-1.60102,-3.00296,3.62111,19.1904
-0.0852644,0.0311742,0.0312626,0.404346,-0.100279,0.0259894,2.09581,0.788355,20.1592,-0.843269,-0.00316033,1.06202,0.983015,-3.12824,-6.33482,-2.9116,3.32546,18.9759
-0.0695229,0.0281871,0.0188892,0.361331,-0.19118,0.00842939,2.07563,0.603626,20.1189,-0.791018,0.64059,-0.0709237,1.11037,-3.34779,-1.11009,-2.93044,3.15591,18.9426
-0.0617862,0.0264053,0.013786,0.332067,-0.19809,0.00122952,1.54064,-0.59467,20.0683,-0.766222,-0.226591,1.26362,0.475734,-2.8821,-5.7424,-2.3008,2.31188,18.9621
-0.0569006,0.0237366,0.0107213,0.295526,-0.182813,-0.00179443,1.52984,-0.783546,20.0303,-0.729655,0.478812,0.0999534,0.652828,-2.39953,-0.198708,-2.31153,2.12254,18.9344
-0.0541169,0.0234944,0.0090325,0.280092,-0.146126,0.00329968,1.33823,-2.00617,19.9817,-0.815748,0.106097,1.36332,0.377029,-1.79327,-1.75648,-1.65689,1.57477,18.897
-0.0518617,0.0233857,0.00796408,0.264727,-0.109305,0.0090916,1.3117,-2.18809,19.9352,-0.801792,0.751866,-0.0274241,0.433907,-0.808034,0.731689,-1.68557,1.39588,18.8261
-0.0501729,0.0251689,0.00700356,0.265214,-0.0668642,0.0180554,1.44494,-3.28256,19.8696,-1.0108,0.699071,1.68628,0.328192,-0.314999,0.34357,-1.53846,1.23326,18.766
-0.0482665,0.0268479,0.00704682,0.264145,-0.0294564,0.0253902,1.41835,-3.46685,19.7831,-0.975968,1.16527,0.041157,0.390694,0.642209,1.08799,-1.56701,1.03875,18.6954
-0.0461686,0.0297879,0.00682396,0.273893,0.007272,0.033345,1.71631,-4.15087,19.6842,-1.29266,1.12916,2.57171,0.426012,0.691623,1.28685,-1.83792,1.1491,18.6348
-0.0432732,0.0322668,0.00790858,0.278987,0.0338108,0.0386868,1.69428,-4.35357,19.5727,-1.17934,1.47255,0.216619,0.472028,1.51698,1.1794,-1.86069,0.933231,18.5657
