-0.759264,0.101072,-0.0455171,-0.1954,0.025038,-0.174567,0.824159,-1.52517,-0.282289,-0.827234,4.98745,18.3495,-2.20817,2.91018,12.0942,-1.94313,-2.0775,3.33307
-0.718044,0.0921019,-0.0413281,-0.220946,0.0304073,-0.169809,0.597431,-1.37704,-2.00465,-1.47811,5.2337,18.4139,-1.8863,2.22338,12.2308,-1.83974,-2.63971,3.30749
-0.678997,0.0857272,-0.0382552,-0.214742,0.0307005,-0.158837,0.675209,-0.781726,0.363908,-1.51281,5.04372,18.3899,-1.89147,2.03095,12.203,-1.83132,-2.70423,2.97355
-0.642465,0.0783093,-0.035042,-0.231959,0.0367016,-0.151062,0.528232,-0.890889,-0.261066,-1.84134,4.82166,18.3955,-1.43048,1.33811,12.6777,-1.62887,-2.82312,1.58574
-0.608114,0.0713,-0.0316348,-0.251231,0.0436554,-0.145725,0.611207,-0.192661,0.300806,-1.84443,4.6194,18.3869,-1.41836,1.14673,12.6305,-1.59628,-2.87445,1.27264
-0.575503,0.0665302,-0.0305438,-0.231978,0.031617,-0.139481,0.670088,-0.645071,0.391119,-1.74698,4.15829,18.7009,-1.11742,0.820323,13.7077,-1.21068,-2.68749,-2.57601
-0.544271,0.0636167,-0.0387744,-0.152822,-0.0372931,-0.126848,0.704225,0.0834547,0.107751,-1.76314,3.96945,18.68,-1.1302,0.64831,13.6558,-1.18019,-2.96833,-0.930025
-0.512788,0.0641742,-0.0490335,-0.0187262,-0.132828,-0.102769,0.7707,-0.607894,1.06034,-1.58898,3.24722,19.175,-1.05102,0.578564,15.0807,-0.740868,-3.08259,-5.62677
-0.481301,0.0617112,-0.0598467,0.0696339,-0.234202,-0.0807945,0.683268,0.266004,-0.29494,-1.60464,3.07397,19.0885,-1.07243,0.405262,15.0358,-0.836504,-3.0932,-0.484082
-0.45273,0.0618785,-0.0653664,0.168518,-0.299936,-0.0608462,0.853332,-0.327075,1.68682,-1.45336,2.02759,19.2396,-1.27899,0.293874,16.2893,-0.592096,-2.94025,-4.15708
-0.427314,0.0580678,-0.0671659,0.186491,-0.32938,-0.054816,0.785387,0.390122,-0.0698367,-1.44797,1.84906,19.1206,-1.28941,0.103027,16.2319,-0.662687,-2.50657,-0.296589
-0.404541,0.0607284,-0.0646722,0.278522,-0.338299,-0.0385225,0.809683,0.127479,2.52938,-1.40666,0.810334,19.055,-1.60963,0.0290749,16.413,-0.683513,-2.73649,-1.29387
-0.385565,0.0546917,-0.0607734,0.229199,-0.31463,-0.0482604,0.790768,0.747544,-0.396778,-1.37913,0.640493,18.8937,-1.60427,-0.162135,16.3185,-0.616843,-1.63526,0.302366
-0.367503,0.056661,-0.0554403,0.292604,-0.297769,-0.0363142,0.837594,0.463229,2.69571,-1.41114,-0.379533,18.4633,-1.79866,-0.169765,15.7482,-0.808848,-2.0749,-0.0399593
-0.352229,0.0521584,-0.0494029,0.254608,-0.26277,-0.042695,0.773418,0.893766,-0.633819,-1.40158,-0.553445,18.3042,-1.80029,-0.379777,15.6819,-0.747781,-0.828301,0.100931
-0.337895,0.052482,-0.0426598,0.287707,-0.234928,-0.0342903,0.890339,0.577434,2.57235,-1.43231,-1.45899,17.5482,-1.74127,-0.482164,14.8302,-1.03031,-1.34972,1.54177
-0.325469,0.0501969,-0.0352864,0.278555,-0.199268,-0.0326277,0.810344,0.790333,-0.257052,-1.44396,-1.64504,17.4304,-1.74944,-0.699368,14.771,-0.887607,-0.205996,0.00978637
-0.313659,0.0524418,-0.0281824,0.340647,-0.175636,-0.0165067,0.910705,0.857006,1.54208,-1.58739,-2.16525,16.6577,-1.40679,-0.838149,13.8637,-1.26283,-0.356553,3.36407
-0.304008,0.0495722,-0.0198366,0.316779,-0.135648,-0.0166615,0.904645,0.785824,-0.419792,-1.62057,-2.37116,16.6047,-1.42821,-1.06574,13.835,-1.03885,0.619604,0.0262525
-0.294864,0.0464408,-0.0128157,0.285556,-0.0968563,-0.0174985,1.16663,1.34709,0.904127,-1.72491,-2.3483,14.7748,-0.884229,-1.00323,12.6871,-1.42276,0.722641,4.46235
-0.285123,0.0399582,-0.00529751,0.183963,-0.0511819,-0.0378153,1.15592,0.801148,0.961074,-1.75053,-2.62119,14.8821,-0.892161,-1.26998,12.7509,-1.16591,1.26793,0.0202129
-0.276392,0.0356017,0.00298422,0.117743,-0.0011096,-0.0508753,1.47392,0.686603,6.23681,-1.62141,-2.37847,10.5571,-0.136564,-1.30547,10.6648,-1.34603,1.5372,3.23475
-0.267819,0.0256855,0.0136464,-0.0357189,0.0500684,-0.0838977,1.57659,0.0407716,7.57607,-1.56774,-2.66507,10.5933,-0.078969,-1.6095,10.7288,-1.25732,1.10421,1.94253
-0.25631,0.0244586,0.02055,-0.0509495,0.058781,-0.0795319,1.46116,1.1297,13.1455,-1.51966,-1.99623,2.87675,0.710906,-1.2765,7.26789,-0.894985,1.10613,7.06719
-0.243355,0.0240524,0.0215617,-0.0377449,0.0637505,-0.0670194,1.45469,1.01157,13.2327,-1.55774,-2.27038,3.49314,0.706868,-1.27442,6.99508,-0.980267,0.388382,8.04153
-0.231375,0.0180198,0.0111148,-0.0815493,0.0960303,-0.0707969,0.880299,2.50611,19.599,-1.31581,-1.79709,-6.20401,1.21705,-1.09439,4.57347,-0.0219243,1.58682,10.5708
-0.216726,0.0161902,0.00617082,-0.0734953,0.0890679,-0.0578518,0.915343,2.43336,19.3616,-1.34578,-2.01005,-0.232964,1.2457,-1.17026,4.44911,0.00794216,1.39161,10.6079
-0.202985,0.0160771,0.00565984,-0.0514559,0.0755525,-0.0412392,0.577616,3.56425,20.9177,-1.00858,-1.57964,-6.66691,1.16781,-1.31695,3.91482,0.506231,1.92691,12.3742
-0.191124,0.0186015,0.00435942,0.0116979,0.0735133,-0.0216021,0.579275,3.40454,20.8308,-1.11344,-1.44061,0.183513,1.15816,-1.41937,3.71547,0.504342,1.76082,12.2668
-0.17994,0.0210388,0.00374569,0.0700535,0.0702411,-0.00394541,0.260418,3.75539,19.909,-0.916838,-1.47174,-2.67239,0.810184,-1.62248,3.09056,0.511654,1.87553,13.651
-0.17012,0.0233115,0.0026083,0.123587,0.072981,0.00937507,0.24782,3.55027,19.9246,-0.890009,-0.820384,0.75209,0.787045,-1.7588,2.90709,0.497791,1.70904,13.4939
-0.161003,0.0244861,0.00250939,0.159099,0.0777606,0.0180399,0.0678286,3.46371,19.2893,-0.763687,-0.727148,-0.408172,0.644833,-2.01816,2.14719,0.303996,1.61617,14.3004
-0.153218,0.0243922,0.00522154,0.180125,0.10196,0.0235487,0.0573989,3.25774,19.2842,-0.735349,0.0347182,0.78012,0.623444,-2.05066,1.74183,0.288948,1.43765,14.1522
-0.146056,0.0233626,0.0114969,0.195116,0.143132,0.0295433,-0.0512169,3.08988,19.5822,-0.694669,0.106292,0.783489,0.564557,-2.24419,0.0405605,0.141075,1.15194,14.7796
-0.139435,0.0217455,0.0122751,0.181784,0.149103,0.0270748,-0.0631269,2.90505,19.4926,-0.669556,0.716662,0.535958,0.537694,-2.28306,-0.18052,0.130665,0.979981,14.6169
-0.132598,0.0203373,0.00503899,0.149699,0.103165,0.0168527,-0.25245,2.84111,20.271,-0.700109,0.401413,1.31806,0.489577,-2.70334,-2.54741,0.12774,0.58249,15.2
-0.125284,0.0186262,-0.00746224,0.0939305,0.0200473,-0.000704872,-0.266889,2.69293,20.0889,-0.650635,0.917631,0.0480159,0.532447,-2.72156,-0.496128,0.126278,0.455319,14.9747
-0.117432,0.0170375,-0.0197335,0.0409,-0.061941,-0.0169564,-0.719111,2.3991,20.2584,-0.701453,0.0925154,1.76983,0.34533,-2.66405,-4.36172,0.360113,-0.11955,15.5605
-0.109196,0.0162739,-0.0291732,0.00687701,-0.129862,-0.030857,-0.772539,2.21943,20.071,-0.641509,0.595911,0.0444724,0.463475,-2.58243,-0.62811,0.313166,-0.299598,15.4024
-0.103201,0.0160842,-0.0337893,-0.000377438,-0.154015,-0.0352541,-1.32475,1.50809,19.7293,-0.699671,-0.266101,2.51151,0.17107,-2.69733,-3.93805,0.648283,-0.735958,15.5114
-0.0992651,0.0143131,-0.035235,-0.0316182,-0.156485,-0.0422091,-1.37795,1.34055,19.5724,-0.555372,0.465176,-0.539465,0.385557,-2.06027,0.112293,0.592672,-0.890442,15.2909
-0.096737,0.0135939,-0.03512,-0.0371777,-0.139203,-0.0435165,-1.50461,0.526019,19.165,-0.796488,-0.188884,2.98473,0.287379,-2.08404,-1.87347,0.849002,-1.12089,14.4219
-0.095455,0.011786,-0.0335006,-0.0641016,-0.115991,-0.0496475,-1.54361,0.352958,18.999,-0.583901,0.529004,-0.914996,0.436541,-1.08017,0.274214,0.791782,-1.31478,14.2738
-0.0948571,0.0108365,-0.0314496,-0.0759197,-0.0887309,-0.054482,-1.31941,-0.38266,18.4148,-0.915221,0.0214427,3.3097,0.457518,-1.34506,0.114342,0.864734,-1.41523,13.094
-0.0950615,0.00948697,-0.0283697,-0.0966309,-0.0574135,-0.0632177,-1.34338,-0.576335,18.2611,-0.703687,0.575271,-0.63683,0.49491,-0.319815,0.1508,0.808369,-1.65063,13.0074
-0.0955605,0.00903875,-0.0256914,-0.102144,-0.025971,-0.0722317,-1.05346,-1.22752,17.4426,-0.94444,0.225552,3.39144,0.55948,-0.809074,1.52,0.632835,-1.77037,11.8557
-0.0968353,0.00713757,-0.0211916,-0.134847,0.00669475,-0.0881203,-1.05306,-1.44047,17.3541,-0.701441,0.72132,-1.20741,0.49136,0.258073,-0.159782,0.585294,-2.02903,11.8271
-0.0983652,0.00459952,-0.0170881,-0.179761,0.0367465,-0.109601,-0.99918,-2.24605,17.1966,-0.816282,0.795595,1.60027,0.746893,0.00666966,3.65753,0.239033,-2.25902,11.1899
-0.100431,0.00267461,-0.0117431,-0.213766,0.0678388,-0.129071,-0.945057,-2.45218,17.1036,-0.708559,0.890485,-1.1739,0.608778,0.885711,-0.0686934,0.242339,-2.51135,11.1513
-0.102606,0.00322362,-0.00694707,-0.208076,0.0948415,-0.142963,-1.05424,-3.13477,16.7055,-0.793315,1.38578,0.912855,0.983813,0.769421,5.04486,-0.284325,-2.53841,11.2275
-0.105124,0.00479174,-0.00198324,-0.181416,0.119499,-0.150002,-0.992574,-3.3529,16.6714,-0.793577,1.11972,-0.444127,0.871288,1.30623,0.386405,-0.259612,-2.76103,11.1281
-0.107214,0.00417153,0.00225312,-0.181036,0.145979,-0.162212,-0.97862,-3.67623,15.3768,-0.788469,1.78988,1.16566,1.15333,1.49484,4.30535,-0.892099,-2.69031,11.2398
-0.108858,0.00754615,0.00538647,-0.108435,0.177754,-0.152837,-1.0025,-3.90517,15.2168,-0.916481,0.569917,5.48182,1.0605,1.55227,0.329603,-0.90969,-2.93499,11.0887
-0.110337,0.0129798,0.00674139,-0.0094731,0.219645,-0.129611,-1.11496,-3.42599,11.7749,-0.89103,0.85208,8.86209,0.938587,2.27218,2.10124,-1.71159,-2.68042,9.92183
-0.110095,0.0163332,0.00857986,0.0552621,0.241887,-0.112645,-1.15786,-3.59814,11.5704,-0.952332,0.448922,9.5784,0.977832,0.903317,5.31072,-1.72551,-2.82377,9.60823
-0.108744,0.0168971,0.0111098,0.0739307,0.243901,-0.111444,-0.461747,-2.42078,5.06401,-0.522946,2.22626,12.3506,-0.196787,2.22732,9.54436,-1.86393,-1.86897,6.79892
-0.10755,0.0175295,0.0101855,0.0867182,0.2483,-0.111837,-0.432658,-2.63891,5.42467,-0.539161,2.08424,12.3639,-0.202281,1.78306,10.477,-1.85362,-1.85724,6.39099
-0.110219,0.0137573,-0.00160559,-0.00103337,0.32088,-0.119883,0.508013,-1.9491,-3.57063,-0.331165,4.55024,16.7583,-1.46429,3.60196,12.0804,-1.8088,-1.36812,4.74005
-0.107763,0.0161001,-0.00284018,0.0408924,0.31741,-0.115162,0.573321,-1.81223,0.185454,-0.424451,4.40396,16.6262,-1.52998,3.37589,12.1734,-1.84634,-1.42759,4.44466
-0.1054,0.0135436,-0.00240498,0.0116589,0.316572,-0.119798,0.711919,-1.6248,-5.37579,-0.797734,5.79104,18.1947,-2.05404,3.74962,12.667,-1.8892,-1.83147,4.06358
-0.102776,0.0134869,-0.0017546,0.0213367,0.310563,-0.11571,0.84919,-1.42116,-0.543158,-0.868871,5.58513,18.1683,-2.08341,3.51603,12.6923,-1.89622,-1.91708,3.75221
-0.100467,0.0104241,-0.00137208,-0.0142542,0.309403,-0.116897,0.684385,-1.344,-1.70772,-1.44784,5.76966,18.3271,-1.79057,2.85679,12.9339,-1.8036,-2.46702,3.54826
-0.0982298,0.00970561,-0.000954182,-0.0153998,0.306493,-0.111821,0.734142,-0.740545,0.561013,-1.48315,5.54199,18.3122,-1.80269,2.63009,12.8985,-1.79969,-2.54682,3.1884
-0.0962477,0.00703099,-0.000296183,-0.0483574,0.307762,-0.112739,0.601781,-0.872371,-0.0897504,-1.73116,5.27212,18.2853,-1.37207,1.98547,13.4782,-1.59821,-2.64118,1.56905
-0.0942703,0.00544434,-0.000679267,-0.0604302,0.300572,-0.112295,0.666941,-0.110763,0.480361,-1.73324,5.03655,18.2866,-1.36848,1.76672,13.4241,-1.5731,-2.75797,1.37765
-0.0921358,0.0056194,-0.00404673,-0.0324464,0.272029,-0.11,0.708161,-0.570239,0.545726,-1.63981,4.54272,18.62,-1.08086,1.41788,14.5084,-1.18922,-2.65695,-2.49989
-0.0891561,0.00653116,-0.012205,0.0276582,0.209942,-0.102783,0.72454,0.169654,0.176515,-1.65193,4.32076,18.6055,-1.09079,1.21027,14.463,-1.16247,-2.93302,-0.506387
-0.0842964,0.00984917,-0.0211682,0.127516,0.132269,-0.0853809,0.795956,-0.511221,1.11475,-1.45539,3.53211,18.9935,-1.03626,1.0195,15.8543,-0.616973,-2.7065,-5.33636
-0.0783551,0.0102864,-0.0296978,0.184298,0.0547862,-0.071091,0.697899,0.364176,-0.270043,-1.46419,3.32308,18.913,-1.05483,0.806383,15.8193,-0.747125,-2.71392,-0.172305
-0.0740575,0.0136909,-0.0332834,0.262053,0.00926036,-0.0582772,0.847133,-0.17083,1.70251,-1.31843,2.23806,19.079,-1.2882,0.590206,16.9402,-0.550083,-2.55197,-3.57752
-0.0715663,0.0123488,-0.0343719,0.255895,-0.00603915,-0.0600353,0.799226,0.537664,-0.0542569,-1.3036,2.03326,18.9634,-1.29404,0.373996,16.8773,-0.609125,-2.0009,-0.110467
-0.0694384,0.0173656,-0.0328314,0.334362,-0.0164721,-0.0473735,0.803105,0.305757,2.4006,-1.26356,1.01322,19.0089,-1.58246,0.242425,16.9162,-0.632643,-2.25548,-1.10791
-0.069276,0.0140651,-0.0306331,0.2842,-0.00208001,-0.0572819,0.778816,0.924719,-0.474442,-1.23569,0.827416,18.8434,-1.57882,0.0372671,16.811,-0.57787,-1.18749,0.39702
-0.0690373,0.0159066,-0.0272283,0.309752,0.00691234,-0.0520006,0.871789,0.629509,2.80315,-1.25364,-0.252516,18.4181,-1.80253,-0.00408072,16.1141,-0.772813,-1.72511,0.137632
-0.0698482,0.01379,-0.0234378,0.274923,0.0273221,-0.0570984,0.796254,1.02818,-0.232006,-1.248,-0.443016,18.2552,-1.81002,-0.226796,16.0368,-0.735049,-0.620868,0.164994
-0.0701693,0.0173977,-0.019524,0.328493,0.0354287,-0.0439865,0.841451,0.761778,2.54164,-1.3042,-1.33479,17.5573,-1.72255,-0.353717,15.1365,-1.03102,-1.15604,1.55127
-0.0717907,0.0146704,-0.0149051,0.28515,0.058287,-0.0481207,0.805848,1.0244,-0.668446,-1.30741,-1.52764,17.4424,-1.72543,-0.569246,15.0583,-0.878156,0.0469338,-0.0776938
-0.0729442,0.0176677,-0.0106664,0.333354,0.0664869,-0.0345413,0.922334,1.08475,1.09229,-1.46163,-2.03933,16.6973,-1.36783,-0.736015,14.1028,-1.24604,-0.0581772,3.05657
-0.0750214,0.017171,-0.00561186,0.323475,0.0863292,-0.0317908,0.911293,1.01053,-0.587671,-1.50113,-2.25107,16.6379,-1.39724,-0.961847,14.0509,-1.06692,0.827678,0.138174
-0.0773259,0.0162639,-0.00146202,0.308267,0.105799,-0.0292839,1.1897,1.49291,0.757884,-1.59901,-2.22355,14.7906,-0.855083,-0.95137,12.7644,-1.48545,0.899757,4.7362
-0.0800953,0.00471231,0.00467579,0.108581,0.147143,-0.0685146,1.23919,0.936508,0.915416,-1.60009,-2.51067,14.8981,-0.844308,-1.22306,12.8184,-1.18755,1.43691,0.12545
-0.0822072,0.00536645,0.00864131,0.101806,0.185912,-0.0675814,1.49542,0.803114,6.25757,-1.5498,-2.27889,10.4514,-0.0824556,-1.27905,10.7452,-1.32461,1.73198,3.08362
-0.0839463,0.00236635,0.0143174,0.0413055,0.224568,-0.0775821,1.55312,0.149821,7.58273,-1.52497,-2.56249,10.4805,-0.0499014,-1.57905,10.787,-1.27014,1.23596,2.02892
-0.0838217,-0.00021148,0.0199729,-0.00980317,0.233283,-0.0795531,1.43126,1.21194,13.1932,-1.46736,-1.90644,2.69662,0.751691,-1.24404,7.3388,-0.869994,1.19352,7.09085
-0.0830566,-0.00247048,0.0172691,-0.0317281,0.244783,-0.0770732,1.43999,1.08233,13.2444,-1.50099,-2.20683,3.50413,0.760237,-1.2756,7.11924,-0.948114,0.448962,8.1019
-0.0851735,-0.00702054,0.0039817,-0.0718492,0.308909,-0.0864516,0.879955,2.5646,19.5327,-1.28996,-1.53979,-5.83323,1.22582,-1.07883,4.6832,-0.00725497,1.62465,10.6801
-0.0824064,-0.00721843,0.00188588,-0.0688527,0.301871,-0.0760883,0.916443,2.48106,19.3134,-1.29459,-1.61415,0.110963,1.25516,-1.15296,4.53583,0.024842,1.42975,10.6996
-0.0795972,-0.0052206,0.00113364,-0.0356139,0.290547,-0.0597821,0.5587,3.57492,20.8618,-0.964034,-1.20619,-6.3721,1.16491,-1.30414,3.95477,0.522234,1.94308,12.4943
-0.0772266,-0.00154523,-0.000265134,0.0245477,0.282168,-0.0413728,0.558543,3.40822,20.7924,-1.07425,-1.08706,-0.352208,1.15326,-1.40786,3.74822,0.520694,1.77564,12.3866
-0.0749163,0.00229659,-0.00144364,0.0865151,0.272484,-0.023661,0.238502,3.74468,19.9682,-0.910589,-1.23037,-2.14506,0.816397,-1.5963,3.11536,0.54788,1.87415,13.7334
-0.0731828,0.00575053,-0.00279657,0.142015,0.267506,-0.00943851,0.219575,3.53583,19.9588,-0.884596,-0.616034,0.850239,0.789052,-1.72393,2.90799,0.529008,1.69641,13.5823
-0.0718073,0.00831497,-0.00349573,0.183115,0.265675,0.000527286,0.0291948,3.44505,19.2746,-0.769328,-0.547277,-0.282327,0.63665,-1.97131,2.1293,0.339079,1.60767,14.3839
-0.0708351,0.00947649,-0.00319537,0.203213,0.268306,0.00593684,0.0183854,3.2363,19.2613,-0.738403,0.132336,0.715089,0.613092,-2.05842,1.838,0.323211,1.42505,14.2393
-0.069905,0.010065,-0.00267191,0.214893,0.269715,0.00950096,-0.0847763,3.05973,19.4946,-0.70028,0.156426,0.857037,0.573312,-2.33407,0.471325,0.172415,1.17034,14.8629
-0.0689235,0.00972309,-0.00484722,0.202447,0.253681,0.00709543,-0.0988105,2.87556,19.4075,-0.673362,0.747031,0.565253,0.563805,-2.4077,0.504048,0.162301,1.00626,14.6873
-0.0673317,0.00919378,-0.0102764,0.180174,0.216336,0.00143832,-0.303547,2.80932,20.1682,-0.701487,0.407608,1.36093,0.52333,-2.76073,-1.93236,0.160322,0.611349,15.3133
-0.0647262,0.00778912,-0.0174671,0.135874,0.162913,-0.00962477,-0.325671,2.65094,19.9874,-0.655137,0.907927,0.0583565,0.565888,-2.6637,-0.029505,0.150938,0.467794,15.0976
-0.0609715,0.00779149,-0.024257,0.119399,0.113886,-0.0150559,-0.761179,2.4106,20.2292,-0.709514,0.0985612,1.65192,0.39573,-2.50663,-3.98924,0.350379,-0.0756605,15.6747
-0.0572529,0.00752243,-0.0286789,0.100178,0.0762461,-0.0219158,-0.825418,2.2288,20.0347,-0.6559,0.663375,-0.187623,0.517915,-2.24308,-0.0250779,0.293411,-0.260136,15.5041
-0.0553231,0.00734063,-0.0297284,0.0918304,0.0679902,-0.023358,-1.32342,1.48766,19.5421,-0.736154,-0.297966,2.64906,0.217905,-2.29422,-3.87334,0.630601,-0.708797,15.5495
-0.0545914,0.00635211,-0.028994,0.0710928,0.072953,-0.0269981,-1.37762,1.30478,19.3807,-0.581958,0.352634,-0.211437,0.418838,-1.68342,-0.25889,0.574145,-0.892855,15.3677
-0.0543532,0.00620891,-0.0277556,0.0689487,0.0860782,-0.0280056,-1.53363,0.473656,18.9342,-0.805902,-0.24637,3.03398,0.334524,-1.77797,-1.72056,0.820225,-1.13762,14.5082
-0.0548841,0.00466491,-0.0253695,0.0393511,0.100754,-0.0358325,-1.57221,0.301432,18.782,-0.584847,0.490008,-0.934794,0.480102,-0.809529,0.326396,0.762006,-1.32478,14.3529
-0.0557109,0.00388139,-0.0228255,0.0226454,0.116568,-0.0430283,-1.36037,-0.421766,18.2307,-0.917847,0.0215484,3.30101,0.519923,-1.1173,0.208166,0.83216,-1.43088,13.1573
-0.0570675,0.00265802,-0.0194269,-0.00389145,0.134959,-0.0543789,-1.38208,-0.613655,18.0886,-0.705222,0.578801,-0.646843,0.551697,-0.135907,0.216267,0.775959,-1.65998,13.0689
-0.0584519,0.00234217,-0.0165743,-0.0153485,0.152297,-0.0658697,-1.0887,-1.26247,17.2841,-0.938644,0.249712,3.37084,0.613836,-0.637889,1.68252,0.578868,-1.79685,11.9176
-0.0604452,0.000670237,-0.0120004,-0.0522722,0.170432,-0.0834935,-1.08545,-1.47351,17.2087,-0.699769,0.741942,-1.20298,0.541342,0.390343,-0.0477876,0.533545,-2.04723,11.8864
-0.0624895,-0.00156984,-0.00789266,-0.1002,0.185374,-0.106094,-1.03873,-2.25283,17.0343,-0.818465,0.82534,1.49344,0.803143,0.106332,3.88558,0.192797,-2.24406,11.2796
-0.0649489,-0.00275813,-0.0026589,-0.129492,0.201307,-0.124616,-0.984296,-2.45868,16.9626,-0.720927,0.909044,-1.16331,0.664331,0.958836,0.117324,0.196555,-2.48633,11.238
-0.0673086,-0.00252359,0.00149137,-0.137259,0.210803,-0.14115,-1.09668,-3.12206,16.5465,-0.794196,1.41117,0.896759,1.02014,0.850791,5.15055,-0.347557,-2.49669,11.4119
-0.0701202,-0.000379495,0.00627916,-0.107706,0.221737,-0.146894,-1.02492,-3.33756,16.5279,-0.790558,1.1185,-0.666164,0.906763,1.40326,0.00703183,-0.309078,-2.70559,11.2996
-0.0724515,-0.000502052,0.00994765,-0.108132,0.233532,-0.158095,-0.995237,-3.65161,15.2475,-0.816507,1.61731,1.83863,1.15237,1.59971,3.70699,-0.945897,-2.66065,11.3344
-0.0745819,0.0035494,0.0121738,-0.0313923,0.256397,-0.147263,-1.03737,-3.87597,15.03,-0.965906,0.36437,6.3014,1.08118,1.58863,-0.0336416,-0.972184,-2.91511,11.1846
-0.0768563,0.00853673,0.0139898,0.0512577,0.289898,-0.12635,-1.18082,-3.36771,11.4565,-0.95596,0.724527,9.11492,0.944759,2.23341,2.07514,-1.79177,-2.65215,9.97205
-0.0777545,0.0107268,0.0168884,0.0907791,0.300338,-0.116609,-1.18929,-3.51501,11.3316,-0.98697,0.385079,9.74556,0.966703,0.631278,6.10989,-1.77678,-2.72085,9.58156
-0.0776761,0.0111878,0.0196717,0.100079,0.291214,-0.119664,-0.426767,-2.25774,4.64973,-0.52618,2.23264,12.6017,-0.254834,2.14778,9.54942,-1.89229,-1.72594,6.70835
-0.0778791,0.0120532,0.0190737,0.109642,0.288246,-0.12233,-0.399897,-2.49184,5.03111,-0.545301,2.09445,12.5861,-0.265899,1.76058,10.2832,-1.88533,-1.72519,6.32297
-0.0816339,0.00768577,0.00839298,0.00690065,0.350685,-0.135065,0.49551,-1.92645,-3.84038,-0.359398,4.54347,16.923,-1.48192,3.48263,11.7456,-1.84584,-1.26002,4.78581
-0.0803857,0.0102196,0.00714623,0.0440118,0.343298,-0.132269,0.577887,-1.83125,0.101104,-0.453184,4.3921,16.7788,-1.54721,3.2522,11.8313,-1.88521,-1.33606,4.51178
-0.0792781,0.00844409,0.00784242,0.0202708,0.338762,-0.136447,0.696872,-1.56709,-5.36013,-0.848076,5.70617,18.2988,-2.0644,3.54834,12.3296,-1.91852,-1.77603,4.22105
-0.0780483,0.00886766,0.00891482,0.0313399,0.331048,-0.132205,0.836783,-1.37904,-0.505262,-0.92274,5.49702,18.263,-2.09439,3.30677,12.3655,-1.9292,-1.8722,3.92087
-0.0771501,0.00613165,0.00980044,-0.00482822,0.328924,-0.133213,0.667142,-1.31466,-1.63752,-1.49665,5.67278,18.4012,-1.79273,2.64131,12.6149,-1.82653,-2.42366,3.70229
-0.0763059,0.00560724,0.0107779,-0.00798507,0.325276,-0.128094,0.725333,-0.711444,0.572455,-1.53261,5.44283,18.3846,-1.80268,2.41009,12.5871,-1.82197,-2.51286,3.35757
-0.0756716,0.00315115,0.0120295,-0.0422082,0.325673,-0.128889,0.588012,-0.857748,-0.0999702,-1.78801,5.19404,18.3734,-1.34699,1.76888,13.1837,-1.60764,-2.60153,1.76449
-0.0750174,0.00177724,0.0125003,-0.0562553,0.318614,-0.128449,0.658682,-0.098597,0.474111,-1.7928,4.95692,18.3766,-1.34495,1.54857,13.1336,-1.58812,-2.72222,1.57187
-0.0741818,0.00221987,0.0102643,-0.0302687,0.291118,-0.126195,0.698056,-0.570216,0.538894,-1.71496,4.45136,18.6891,-1.04619,1.20639,14.2219,-1.22043,-2.62345,-2.2365
-0.0725373,0.00379326,0.00344585,0.0331893,0.230394,-0.11907,0.705144,0.176961,0.160668,-1.72985,4.22777,18.6772,-1.05846,0.997298,14.1791,-1.19177,-2.89286,-0.431274
-0.0697482,0.0062298,-0.00452996,0.115835,0.156495,-0.106915,0.811941,-0.526228,1.16269,-1.55298,3.47277,19.1955,-1.00101,0.863352,15.5491,-0.676461,-2.78971,-5.36819
-0.0653786,0.00683551,-0.0117261,0.169965,0.0819347,-0.0938958,0.738192,0.267857,-0.129288,-1.55856,3.25024,19.1122,-1.01161,0.622831,15.5629,-0.732861,-2.7485,-0.797264
-0.0617351,0.0114629,-0.0142343,0.262105,0.0317689,-0.0769428,0.840554,-0.259539,1.67929,-1.34579,2.19207,19.1697,-1.23071,0.435399,16.7167,-0.559164,-2.6243,-3.77718
-0.0602911,0.00966335,-0.0145829,0.247696,0.0133705,-0.0798291,0.789018,0.555417,-0.274142,-1.33126,1.99663,19.0627,-1.23398,0.237834,16.6249,-0.600151,-2.05453,0.209158
-0.0591116,0.0150592,-0.0121354,0.330202,-0.00100948,-0.0667943,0.81026,0.305396,2.53236,-1.34696,0.929899,19.0115,-1.56901,0.136184,16.6483,-0.621582,-2.25222,-1.0626
-0.0598759,0.0118245,-0.00905979,0.279853,0.00962234,-0.0772935,0.775229,0.946714,-0.476141,-1.32379,0.740105,18.8547,-1.56787,-0.074273,16.5583,-0.568345,-1.17701,0.352854
-0.0605557,0.0135859,-0.00477422,0.303627,0.01471,-0.0731642,0.879073,0.661389,2.70945,-1.3455,-0.291461,18.407,-1.76358,-0.102477,15.9165,-0.7567,-1.67288,0.0607046
-0.0622082,0.0117008,-7.5724e-05,0.272155,0.0300767,-0.0785131,0.805901,1.05444,-0.271404,-1.34324,-0.487149,18.257,-1.77231,-0.329203,15.8516,-0.71517,-0.576181,0.0858222
-0.0633259,0.0159201,0.00477881,0.335388,0.031864,-0.0647071,0.850596,0.804618,2.52011,-1.3826,-1.35842,17.5252,-1.70177,-0.410888,14.9865,-0.999402,-1.08199,1.5096
-0.0655928,0.0144914,0.0103512,0.31292,0.0461802,-0.0658789,0.785249,1.05892,-0.692585,-1.39517,-1.55711,17.4239,-1.70998,-0.63317,14.9258,-0.842857,0.116386,-0.194846
-0.0676591,0.0169349,0.016026,0.352104,0.050725,-0.0553415,0.940571,1.08468,1.31534,-1.5403,-2.00842,16.646,-1.35628,-0.744936,14.0665,-1.23423,-0.0412522,3.17645
-0.0703559,0.0177016,0.0223262,0.363069,0.0612166,-0.0499135,0.905426,1.00543,-0.33441,-1.58468,-2.22724,16.6022,-1.38739,-0.974881,14.0225,-1.07006,0.810959,0.338294
-0.073959,0.0123377,0.0281932,0.274072,0.085957,-0.0630471,1.26614,1.53192,0.865723,-1.66939,-2.29811,14.8975,-0.807769,-0.995328,12.7668,-1.49331,0.804546,4.78421
-0.0765395,0.00386502,0.0346728,0.121733,0.11361,-0.0939661,1.28913,0.986999,1.15839,-1.6798,-2.57116,14.974,-0.806425,-1.25438,12.7933,-1.24018,1.33177,0.611162
-0.0792387,0.00638289,0.0398732,0.143921,0.142624,-0.0895153,1.52419,0.875035,6.4412,-1.64187,-2.36802,10.4924,-0.049117,-1.34803,10.698,-1.36585,1.67683,3.14886
-0.0815488,0.00273965,0.0475572,0.0768532,0.171207,-0.103485,1.58606,0.208968,7.74783,-1.61573,-2.65977,10.5261,-0.0149874,-1.65695,10.7565,-1.30008,1.23799,1.99306
-0.0822769,-0.0014422,0.0554606,0.00595161,0.17066,-0.112225,1.49718,1.29066,13.1862,-1.54124,-1.97947,2.8197,0.770569,-1.3235,7.34146,-0.930642,1.16174,7.04012
-0.0826982,-0.00437947,0.0569943,-0.027809,0.168871,-0.114959,1.51357,1.15333,13.2671,-1.56351,-2.28154,3.53273,0.782328,-1.35154,7.12388,-1.01035,0.397086,8.0988
-0.0845351,-0.00911741,0.0495796,-0.073938,0.20565,-0.126065,0.966594,2.6439,19.5683,-1.31586,-1.77309,-6.09823,1.23739,-1.13345,4.73274,-0.0791258,1.59886,10.664
-0.0827059,-0.00960032,0.0465036,-0.0678699,0.197102,-0.122146,1.00385,2.55646,19.365,-1.35503,-2.07197,-0.0240301,1.2573,-1.23744,4.63042,-0.0509721,1.39781,10.7014
-0.0810347,-0.00946558,0.0476718,-0.0630504,0.175947,-0.118242,0.667239,3.6718,21.0615,-1.03291,-1.82496,-6.32152,1.17711,-1.44683,4.19882,0.463696,1.88804,12.5058
-0.082082,-0.00835144,0.0530185,-0.0351315,0.205513,-0.110321,0.689885,3.4554,21.0287,-1.16428,-1.85377,0.603043,1.14434,-1.47448,3.70242,0.469427,1.68837,12.3902
