213343.6625312214,61.89573771320654,-0.5750547885242409,16.73130760763771,164.4643880162159,-304.3266467099929,-248.3971919862664,133315.7705406316,4190.540888047393,6922.672801316985
61.89573771320654,11.0481213868634,0.9276605311668599,0.17235764200124,-3.036199341615674,-28.95270848021743,-0.686654031705843,351.5109568596448,-80.90609717468001,20.95516758918325
-0.5750547885242409,0.9276605311668599,0.1231829410822778,0.01860873405386848,-0.07963123717086532,-3.685128881446557,0.1978955040839438,-12.20296014625188,181.8808287235096,-1.881597243931453
16.73130760763771,0.17235764200124,0.01860873405386848,0.02700250467811766,0.2931098446613505,-0.9296069257406309,-0.2932613899489194,121.774778849625,77.18106886320982,5.573171975895253
164.4643880162159,-3.036199341615674,-0.07963123717086532,0.2931098446613505,18.12886256204219,-5.171886450204277,-20.41366736711455,1235.99756404364,636.8157489897666,55.50080422296431
-304.3266467099929,-28.95270848021743,-3.685128881446557,-0.9296069257406309,-5.171886450204277,118.0710977313776,4.593315348680725,-2015.731440327078,-5339.423568939744,-67.74826634346218
-248.3971919862664,-0.686654031705843,0.1978955040839438,-0.2932613899489194,-20.41366736711455,4.593315348680725,30.94743715726081,-1823.393707068904,2200.589941670434,-109.0208565384564
133315.7705406316,351.5109568596448,-12.20296014625188,121.774778849625,1235.99756404364,-2015.731440327078,-1823.393707068904,994566.94563559,3970.577457167415,52268.90651907328
4190.540888047393,-80.90609717468001,181.8808287235096,77.18106886320982,636.8157489897666,-5339.423568939744,2200.589941670434,3970.577457167415,1587392.563049137,-12488.7590038767
6922.672801316985,20.95516758918325,-1.881597243931453,5.573171975895253,55.50080422296431,-67.74826634346218,-109.0208565384564,52268.90651907328,-12488.7590038767,2922.053076347164
