25.3566,7.57556,0.284056,0.0166498,-0.0030907,0.32654,0.945032,-0.280976,1.11168,-1.75711,0.296656,0.817986,-1.76592,-0.252417,0.834017,-1.77918,0.300671,1.24122,-1.70403,1.3202,-2.20578,-3.00649,-3.27856,0.0300237,-0.0466036,0.134852,0.0269952,0.0165436,0.0715313,0.317324,-0.0238223,0.0138502,-0.0598936,0.0971743,-0.0684641,-0.179118,0.141934,-3.60126,0.173442,1.02144,-0.0762899,0.0913644,1.07432,-0.109746,0.00398264,0.434943,0.792484,0,0,0,0,0,0,0,0,0,0
25.3566,7.57556,0.284056,0.0166498,-0.0030907,0.32654,0.945032,-0.280976,1.11168,-1.75711,0.296656,0.817986,-1.76592,-0.252417,0.834017,-1.77918,0.300671,1.24122,-1.70403,1.32017,-2.20657,-3.00573,-3.27567,0.0324371,-0.0483747,0.133819,0.0270589,0.0164977,0.0703837,0.317324,-0.0238223,0.0138502,-0.0598936,0.0971743,-0.0684641,-0.179118,0.141934,-3.60126,0.173442,1.02144,-0.0762899,0.0913644,1.07432,-0.109746,0.00398264,0.434943,0.792484,0,0,0,0,0,0,0,0,0,0
25.3593,7.57738,0.284186,0.0162141,-0.00296496,0.326165,0.945169,-0.282049,1.10792,-1.79123,0.298915,0.830358,-1.76833,-0.25148,0.846254,-1.7802,0.299699,1.24416,-1.69184,1.32017,-2.20657,-3.00573,-3.27567,0.0324371,-0.0483747,0.133819,0.0270589,0.0164977,0.0703837,0.321953,-0.0203879,0.0083157,-0.0748228,0.0510578,-0.0798197,-0.107289,-0.37518,-3.41188,0.225873,1.23717,-0.241318,0.0937055,1.22373,-0.10151,-0.0971585,0.293822,1.21842,0,0,0,0,0,0,0,0,0,0
25.3619,7.57925,0.284284,0.0156205,-0.00288008,0.325765,0.945317,-0.283898,1.10071,-1.83473,0.301189,0.842307,-1.76945,-0.250267,0.858173,-1.78025,0.299512,1.24824,-1.68136,1.32017,-2.20657,-3.00573,-3.27567,0.0324371,-0.0483747,0.133819,0.0270589,0.0164977,0.0703837,0.325348,-0.0170085,0.00504204,-0.107387,0.0535562,-0.0852935,-0.184848,-0.721473,-4.34946,0.227426,1.19496,-0.111637,0.121288,1.19191,-0.00574938,-0.0187791,0.407659,1.04826,0,0,0,0,0,0,0,0,0,0
25.3646,7.58119,0.284359,0.0150116,-0.00288094,0.325337,0.945475,-0.285295,1.08812,-1.87261,0.3034,0.854454,-1.7702,-0.249209,0.870542,-1.78046,0.29953,1.25357,-1.67223,1.32017,-2.20657,-3.00573,-3.27567,0.0324371,-0.0483747,0.133819,0.0270589,0.0164977,0.0703837,0.331118,-0.012786,0.00280361,-0.11592,0.038264,-0.0907941,-0.139704,-1.25904,-3.78874,0.221117,1.21465,-0.0743993,0.105793,1.2369,-0.021095,0.00183458,0.533326,0.9125,0,0,0,0,0,0,0,0,0,0
25.3673,7.58317,0.284397,0.0144413,-0.00291114,0.324938,0.945621,-0.287179,1.07065,-1.90887,0.305382,0.866797,-1.77086,-0.248306,0.88307,-1.78068,0.299545,1.25957,-1.66434,1.32017,-2.20657,-3.00573,-3.27567,0.0324371,-0.0483747,0.133819,0.0270589,0.0164977,0.0703837,0.334479,-0.00891948,-0.00100525,-0.110466,0.0302801,-0.0845491,-0.188424,-1.74673,-3.62531,0.198216,1.23437,-0.0667737,0.0902739,1.25283,-0.0216102,0.00146959,0.599903,0.789335,0,0,0,0,0,0,0,0,0,0
25.37,7.58522,0.284386,0.0139338,-0.00301587,0.324561,0.945757,-0.289265,1.04993,-1.93979,0.307141,0.879464,-1.7714,-0.247663,0.896144,-1.78128,0.299314,1.26568,-1.65652,1.32017,-2.20657,-3.00573,-3.27567,0.0324371,-0.0483747,0.133819,0.0270589,0.0164977,0.0703837,0.339165,-0.00531163,-0.00604576,-0.103408,0.0121696,-0.0795275,-0.208621,-2.07203,-3.09221,0.175846,1.26669,-0.0535855,0.0642929,1.30739,-0.0603908,-0.0231136,0.61078,0.782484,0,0,0,0,0,0,0,0,0,0
25.3727,7.58728,0.28431,0.0135381,-0.00318884,0.324233,0.945875,-0.291264,1.02469,-1.96505,0.308607,0.892356,-1.77185,-0.247249,0.909546,-1.78211,0.30001,1.27528,-1.66115,1.32017,-2.20657,-3.00573,-3.27567,0.0324371,-0.0483747,0.133819,0.0270589,0.0164977,0.0703837,0.340074,-0.00313967,-0.0124835,-0.0866029,-0.0078769,-0.0691226,-0.199884,-2.5238,-2.52595,0.146641,1.28917,-0.0452134,0.0414584,1.34017,-0.0820722,0.0696825,0.960142,-0.463725,0,0,0,0,0,0,0,0,0,0
25.3754,7.58937,0.284171,0.0131602,-0.00346861,0.323958,0.945974,-0.29355,0.998087,-1.98684,0.310016,0.905576,-1.7722,-0.246877,0.923545,-1.78345,0.299873,1.28241,-1.66666,1.32017,-2.20657,-3.00573,-3.27567,0.0324371,-0.0483747,0.133819,0.0270589,0.0164977,0.0703837,0.343224,-0.00212928,-0.0190325,-0.0900773,-0.0291007,-0.0573413,-0.228635,-2.66054,-2.17901,0.140887,1.32203,-0.0354,0.037203,1.39991,-0.134864,-0.0137284,0.712979,-0.550464,0,0,0,0,0,0,0,0,0,0
25.3782,7.59146,0.284007,0.012821,-0.00377174,0.323729,0.946055,-0.294944,0.966944,-1.99939,0.311305,0.918709,-1.77232,-0.24652,0.937486,-1.78463,0.302298,1.29268,-1.698,1.32017,-2.20657,-3.00573,-3.27567,0.0324371,-0.0483747,0.133819,0.0270589,0.0164977,0.0703837,0.3419,-0.00200761,-0.0215465,-0.0841837,-0.0359204,-0.0475743,-0.139352,-3.11433,-1.25549,0.128951,1.31331,-0.0118625,0.0356961,1.39409,-0.117415,0.242528,1.0271,-3.13396,0,0,0,0,0,0,0,0,0,0
25.3809,7.59355,0.283829,0.0123358,-0.00415242,0.32357,0.946115,-0.29673,0.93579,-2.0108,0.312877,0.931916,-1.77216,-0.245729,0.951627,-1.78586,0.303608,1.29521,-1.72648,1.32017,-2.20657,-3.00573,-3.27567,0.0324371,-0.0483747,0.133819,0.0270589,0.0164977,0.0703837,0.345288,-0.0036338,-0.0231775,-0.116716,-0.0409803,-0.0325846,-0.178587,-3.11545,-1.14111,0.157111,1.32066,0.0165892,0.0790164,1.41409,-0.12342,0.130931,0.252657,-2.84859,0,0,0,0,0,0,0,0,0,0
25.3837,7.59563,0.283676,0.0118663,-0.00451276,0.323469,0.946154,-0.297217,0.900816,-2.01036,0.314331,0.944868,-1.77156,-0.244831,0.965426,-1.78651,0.306388,1.29432,-1.77302,1.32017,-2.20657,-3.00573,-3.27567,0.0324371,-0.0483747,0.133819,0.0270589,0.0164977,0.0703837,0.34529,-0.00442494,-0.0207826,-0.112353,-0.0380136,-0.0203161,-0.048714,-3.49735,0.0448127,0.145415,1.2952,0.0599857,0.0898051,1.37988,-0.0645216,0.278003,-0.0884454,-4.65366,0,0,0,0,0,0,0,0,0,0
25.3865,7.59772,0.283551,0.0112113,-0.00489298,0.323441,0.946169,-0.298066,0.86683,-2.00916,0.316113,0.957696,-1.77052,-0.24335,0.979057,-1.78674,0.308403,1.28407,-1.81335,1.32017,-2.20657,-3.00573,-3.27567,0.0324371,-0.0483747,0.133819,0.0270589,0.0164977,0.0703837,0.349631,-0.00694544,-0.018048,-0.148598,-0.0296283,-0.0048094,-0.0849274,-3.39859,0.119423,0.178232,1.28283,0.103318,0.148127,1.36311,-0.0230786,0.201566,-1.02583,-4.03332,0,0,0,0,0,0,0,0,0,0
25.3893,7.59983,0.283482,0.0106321,-0.005245,0.323478,0.946161,-0.297594,0.83029,-1.9916,0.317591,0.970286,-1.76886,-0.241879,0.992386,-1.78625,0.30985,1.26517,-1.85539,1.32017,-2.20657,-3.00573,-3.27567,0.0324371,-0.0483747,0.133819,0.0270589,0.0164977,0.0703837,0.3526,-0.00687694,-0.0126729,-0.132323,-0.0290721,0.00888518,0.0472617,-3.65402,1.75579,0.147797,1.25898,0.166467,0.147093,1.33292,0.0488099,0.144677,-1.88968,-4.20334,0,0,0,0,0,0,0,0,0,0
25.3922,7.60196,0.283443,0.00993367,-0.00560357,0.323574,0.946134,-0.297822,0.796351,-1.9749,0.319261,0.982776,-1.76674,-0.239984,1.00553,-1.78522,0.311014,1.23866,-1.89098,1.32017,-2.20657,-3.00573,-3.27567,0.0324371,-0.0483747,0.133819,0.0270589,0.0164977,0.0703837,0.358148,-0.00864904,-0.00981717,-0.155204,-0.022493,0.0213757,-0.0228036,-3.39394,1.67065,0.166983,1.24897,0.212426,0.189511,1.31444,0.1027,0.116408,-2.65076,-3.55944,0,0,0,0,0,0,0,0,0,0
25.3951,7.60411,0.283442,0.00934816,-0.00594862,0.323719,0.946089,-0.296788,0.76113,-1.94175,0.320584,0.995148,-1.76404,-0.238233,1.01858,-1.78367,0.310881,1.20361,-1.92202,1.32017,-2.20657,-3.00573,-3.27567,0.0324371,-0.0483747,0.133819,0.0270589,0.0164977,0.0703837,0.362654,-0.00791745,-0.00623205,-0.13287,-0.0271665,0.0316305,0.103367,-3.52209,3.31519,0.132289,1.23721,0.26936,0.175151,1.30491,0.155583,-0.0132939,-3.5052,-3.10413,0,0,0,0,0,0,0,0,0,0
25.3981,7.60631,0.283442,0.00874902,-0.0062945,0.3239,0.94603,-0.296744,0.729312,-1.91122,0.321907,1.00755,-1.76101,-0.236365,1.0316,-1.7817,0.310586,1.16383,-1.9485,1.32017,-2.20657,-3.00573,-3.27567,0.0324371,-0.0483747,0.133819,0.0270589,0.0164977,0.0703837,0.368903,-0.0082853,-0.00633738,-0.135438,-0.0263862,0.0394302,0.00440389,-3.18176,3.05282,0.132361,1.24007,0.303051,0.186797,1.30185,0.196594,-0.0295057,-3.97808,-2.6474,0,0,0,0,0,0,0,0,0,0
25.4011,7.60855,0.283452,0.00824507,-0.00662414,0.324114,0.945959,-0.295495,0.696765,-1.86588,0.322968,1.01992,-1.75759,-0.234657,1.04461,-1.77937,0.307949,1.11644,-1.96318,1.32017,-2.20657,-3.00573,-3.27567,0.0324371,-0.0483747,0.133819,0.0270589,0.0164977,0.0703837,0.374183,-0.00734911,-0.00555462,-0.116309,-0.0294372,0.0464248,0.124911,-3.25473,4.53383,0.10611,1.23748,0.342166,0.170774,1.30143,0.233642,-0.263747,-4.73831,-1.46828,0,0,0,0,0,0,0,0,0,0
25.4041,7.61083,0.283427,0.00779729,-0.00694036,0.324355,0.945878,-0.295233,0.667579,-1.82428,0.323917,1.03245,-1.75403,-0.233047,1.05771,-1.77679,0.305389,1.06763,-1.97554,1.32017,-2.20657,-3.00573,-3.27567,0.0324371,-0.0483747,0.133819,0.0270589,0.0164977,0.0703837,0.380524,-0.00682216,-0.00928981,-0.104761,-0.0305103,0.0520086,0.0262068,-2.91856,4.1598,0.0948496,1.25263,0.356029,0.160988,1.30989,0.257935,-0.25599,-4.88119,-1.23647,0,0,0,0,0,0,0,0,0,0
25.4072,7.61316,0.283379,0.00734992,-0.007256,0.324622,0.945787,-0.294091,0.639724,-1.77551,0.324863,1.04507,-1.75025,-0.231413,1.07093,-1.77402,0.299317,1.01345,-1.96672,1.32017,-2.20657,-3.00573,-3.27567,0.0324371,-0.0483747,0.133819,0.0270589,0.0164977,0.0703837,0.387241,-0.00654733,-0.0118338,-0.104595,-0.0303993,0.0574925,0.114205,-2.78553,4.87736,0.0945885,1.26199,0.378096,0.163401,1.32214,0.276191,-0.607196,-5.4181,0.882695,0,0,0,0,0,0,0,0,0,0
25.4104,7.61553,0.283281,0.0070725,-0.00755252,0.324944,0.945677,-0.293202,0.619177,-1.73786,0.325439,1.05791,-1.74636,-0.230085,1.0843,-1.77108,0.293139,0.96134,-1.95572,1.32017,-2.20657,-3.00573,-3.27567,0.0324371,-0.0483747,0.133819,0.0270589,0.0164977,0.0703837,0.393064,-0.00522809,-0.0170467,-0.0710999,-0.0377658,0.0687618,0.0888515,-2.05467,3.76449,0.0576365,1.28452,0.389119,0.132792,1.33712,0.293994,-0.617837,-5.21115,1.09958,0,0,0,0,0,0,0,0,0,0
25.4135,7.61794,0.283164,0.00689929,-0.00786424,0.325321,0.945546,-0.291576,0.615933,-1.72035,0.325803,1.07086,-1.74222,-0.228859,1.09783,-1.76803,0.282698,0.907184,-1.91786,1.32017,-2.20657,-3.00573,-3.27567,0.0324371,-0.0483747,0.133819,0.0270589,0.0164977,0.0703837,0.397118,-0.0050404,-0.0192986,-0.0522616,-0.0473639,0.0806687,0.162632,-0.324395,1.75167,0.0363575,1.29483,0.413701,0.122652,1.35285,0.304935,-1.04404,-5.41561,3.78578,0,0,0,0,0,0,0,0,0,0
25.4167,7.62038,0.282976,0.00684326,-0.00818505,0.325743,0.945398,-0.291,0.623107,-1.71916,0.325975,1.08403,-1.73794,-0.227808,1.1116,-1.76491,0.272759,0.859592,-1.8812,1.32017,-2.20657,-3.00573,-3.27567,0.0324371,-0.0483747,0.133819,0.0270589,0.0164977,0.0703837,0.40286,-0.00491587,-0.0267071,-0.0306016,-0.0566728,0.08994,0.057575,0.717356,0.118739,0.0172059,1.31651,0.428326,0.1051,1.37672,0.312095,-0.993905,-4.7592,3.66611,0,0,0,0,0,0,0,0,0,0
25.4199,7.62281,0.282762,0.00676236,-0.00834566,0.326148,0.945258,-0.289635,0.635216,-1.71588,0.32629,1.09709,-1.73425,-0.226748,1.12472,-1.76144,0.264054,0.829872,-1.84385,1.32017,-2.20657,-3.00573,-3.27567,0.0324371,-0.0483747,0.133819,0.0270589,0.0164977,0.0703837,0.399864,-0.00584063,-0.0293619,-0.0249074,-0.0247738,0.0859032,0.136525,1.21091,0.327794,0.0315208,1.30568,0.369083,0.105944,1.31216,0.347165,-0.870478,-2.972,3.73484,0,0,0,0,0,0,0,0,0,0
25.4231,7.62518,0.282607,0.00674562,-0.00843256,0.326546,0.94512,-0.289657,0.650619,-1.72009,0.32643,1.1093,-1.72971,-0.225658,1.13682,-1.75686,0.25989,0.822333,-1.82737,1.32017,-2.20657,-3.00573,-3.27567,0.0324371,-0.0483747,0.133819,0.0270589,0.0164977,0.0703837,0.394776,-0.00793485,-0.023391,-0.00798138,-0.0150278,0.0844921,-0.00220366,1.54029,-0.420752,0.0139617,1.2215,0.454094,0.109008,1.21007,0.457917,-0.416384,-0.753941,1.64836,0,0,0,0,0,0,0,0,0,0
25.4262,7.62747,0.282446,0.00669973,-0.00830378,0.326895,0.945,-0.28997,0.666109,-1.72573,0.326874,1.12171,-1.72724,-0.224533,1.14801,-1.75217,0.257411,0.828416,-1.81097,1.32017,-2.20657,-3.00573,-3.27567,0.0324371,-0.0483747,0.133819,0.0270589,0.0164977,0.0703837,0.383603,-0.0106099,-0.0237747,0.000487935,0.027609,0.0737587,-0.0313405,1.54902,-0.563897,0.0444497,1.24111,0.246734,0.112546,1.11867,0.469367,-0.247995,0.608276,1.6399,0,0,0,0,0,0,0,0,0,0
25.4292,7.62965,0.282382,0.0061949,-0.00784385,0.32712,0.94493,-0.289556,0.680664,-1.73242,0.327887,1.1318,-1.7234,-0.222545,1.15645,-1.74539,0.258285,0.840542,-1.80974,1.32017,-2.20657,-3.00573,-3.27567,0.0324371,-0.0483747,0.133819,0.0270589,0.0164977,0.0703837,0.370443,-0.014591,-0.0136053,-0.0648749,0.120116,0.0473555,0.0413799,1.45551,-0.669388,0.101325,1.00935,0.383794,0.198803,0.844244,0.678347,0.0874134,1.21267,0.122822,0,0,0,0,0,0,0,0,0,0
25.4321,7.63174,0.282305,0.00601965,-0.00720636,0.32734,0.94486,-0.289821,0.694481,-1.73822,0.330466,1.14672,-1.7487,-0.221093,1.16442,-1.73893,0.258863,0.853137,-1.81042,1.32017,-2.20657,-3.00573,-3.27567,0.0324371,-0.0483747,0.133819,0.0270589,0.0164977,0.0703837,0.35752,-0.0150848,-0.0140827,0.0090175,0.132105,0.0454704,-0.0264799,1.38162,-0.580216,0.257835,1.49123,-2.53002,0.145158,0.796567,0.646017,0.0578276,1.25943,-0.0672468,0,0,0,0,0,0,0,0,0,0
25.4349,7.63377,0.282228,0.00600191,-0.00659207,0.327555,0.94479,-0.290282,0.708177,-1.74394,0.33058,1.15526,-1.77105,-0.219674,1.17171,-1.73168,0.259301,0.8656,-1.81108,1.32017,-2.20657,-3.00573,-3.27567,0.0324371,-0.0483747,0.133819,0.0270589,0.0164977,0.0703837,0.349461,-0.0179706,-0.013494,0.037257,0.117403,0.0445095,-0.0461198,1.36963,-0.571236,0.011401,0.854151,-2.23538,0.141917,0.729434,0.724959,0.0438561,1.24637,-0.0667478,0,0,0,0,0,0,0,0,0,0
25.4377,7.63572,0.282159,0.00623108,-0.00594499,0.32777,0.944718,-0.291068,0.721457,-1.74889,0.333264,1.16603,-1.8298,-0.218586,1.17855,-1.72425,0.259377,0.877752,-1.81142,1.32017,-2.20657,-3.00573,-3.27567,0.0324371,-0.0483747,0.133819,0.0270589,0.0164977,0.0703837,0.340747,-0.0204903,-0.0121996,0.0860657,0.107421,0.0442887,-0.0785325,1.32802,-0.495452,0.268448,1.07673,-5.87434,0.108807,0.683532,0.742472,0.00755308,1.21519,-0.03375,0,0,0,0,0,0,0,0,0,0
25.4405,7.63761,0.282142,0.00656033,-0.00549186,0.328004,0.944638,-0.291636,0.734688,-1.75277,0.334085,1.16916,-1.88246,-0.217359,1.18547,-1.71659,0.259643,0.890344,-1.81194,1.32017,-2.20657,-3.00573,-3.27567,0.0324371,-0.0483747,0.133819,0.0270589,0.0164977,0.0703837,0.337833,-0.0249057,-0.00649044,0.0922917,0.0642282,0.0485873,-0.0567979,1.32306,-0.387591,0.082034,0.313066,-5.26608,0.122669,0.692131,0.766421,0.0265779,1.25915,-0.0515855,0,0,0,0,0,0,0,0,0,0
25.4433,7.63947,0.282151,0.00693737,-0.00505692,0.32823,0.944559,-0.29212,0.747693,-1.75613,0.335305,1.16755,-1.94659,-0.216232,1.19214,-1.70893,0.259894,0.902649,-1.81199,1.32017,-2.20657,-3.00573,-3.27567,0.0324371,-0.0483747,0.133819,0.0270589,0.0164977,0.0703837,0.33387,-0.0277973,-0.00369111,0.100118,0.0576478,0.0468251,-0.0483936,1.30053,-0.336866,0.122069,-0.16114,-6.41323,0.112679,0.667705,0.765342,0.0251438,1.23056,-0.00549446,0,0,0,0,0,0,0,0,0,0
25.4461,7.64129,0.282202,0.0073388,-0.00475908,0.328465,0.944476,-0.292327,0.760624,-1.7586,0.335112,1.15875,-2.00172,-0.214912,1.19875,-1.70094,0.260369,0.915227,-1.81202,1.32017,-2.20657,-3.00573,-3.27567,0.0324371,-0.0483747,0.133819,0.0270589,0.0164977,0.0703837,0.333516,-0.0313188,0.000753204,0.0957392,0.0301569,0.0490396,-0.0207402,1.29312,-0.246483,-0.0193273,-0.879036,-5.51341,0.131993,0.660451,0.799114,0.047525,1.25774,-0.00321524,0,0,0,0,0,0,0,0,0,0
25.4489,7.64309,0.282277,0.00772795,-0.00447466,0.328691,0.944395,-0.292379,0.773381,-1.76067,0.33474,1.14444,-2.05585,-0.213583,1.20513,-1.69316,0.260905,0.927519,-1.81157,1.32017,-2.20657,-3.00573,-3.27567,0.0324371,-0.0483747,0.133819,0.0270589,0.0164977,0.0703837,0.331945,-0.0336009,0.00332104,0.0925259,0.0284145,0.0471662,-0.00520426,1.27574,-0.207396,-0.0372348,-1.43159,-5.41266,0.132932,0.638045,0.778197,0.0535545,1.22926,0.0455642,0,0,0,0,0,0,0,0,0,0
25.4518,7.64487,0.282369,0.00813145,-0.00426724,0.328917,0.944314,-0.292262,0.786081,-1.76216,0.33383,1.1261,-2.10182,-0.212149,1.21141,-1.68534,0.261577,0.939946,-1.81103,1.32017,-2.20657,-3.00573,-3.27567,0.0324371,-0.0483747,0.133819,0.0270589,0.0164977,0.0703837,0.332347,-0.0358219,0.00519597,0.0901757,0.0129292,0.0473664,0.0116696,1.26999,-0.148964,-0.0909818,-1.83426,-4.59639,0.143412,0.628136,0.781795,0.0671622,1.24266,0.0539292,0,0,0,0,0,0,0,0,0,0
25.4546,7.64663,0.282474,0.00851739,-0.00413031,0.329128,0.944238,-0.291947,0.798693,-1.76318,0.332736,1.10457,-2.14072,-0.21089,1.21819,-1.68034,0.262353,0.952309,-1.8102,1.32017,-2.20657,-3.00573,-3.27567,0.0324371,-0.0483747,0.133819,0.0270589,0.0164977,0.0703837,0.331554,-0.037315,0.00654328,0.0822021,0.000751361,0.0444235,0.0315664,1.26113,-0.101881,-0.109399,-2.15303,-3.89026,0.125871,0.678359,0.499771,0.0776506,1.23634,0.0825495,0,0,0,0,0,0,0,0,0,0
25.4574,7.64839,0.282573,0.00893697,-0.00407929,0.329328,0.944165,-0.291543,0.811325,-1.76377,0.331972,1.08268,-2.17383,-0.209686,1.22458,-1.67678,0.263203,0.964909,-1.80946,1.32017,-2.20657,-3.00573,-3.27567,0.0324371,-0.0483747,0.133819,0.0270589,0.0164977,0.0703837,0.331714,-0.0383329,0.00592168,0.0828844,-0.0177051,0.041982,0.040385,1.26321,-0.0590321,-0.0763448,-2.18901,-3.31088,0.120376,0.638765,0.356736,0.0849686,1.26002,0.0740112,0,0,0,0,0,0,0,0,0,0
25.4603,7.65013,0.282696,0.00929287,-0.00412446,0.329506,0.944099,-0.290826,0.823785,-1.76378,0.330876,1.05894,-2.19687,-0.209387,1.23194,-1.68446,0.26424,0.977369,-1.80836,1.32017,-2.20657,-3.00573,-3.27567,0.0324371,-0.0483747,0.133819,0.0270589,0.0164977,0.0703837,0.32983,-0.0395408,0.00837677,0.0644944,-0.0317061,0.0377649,0.0716615,1.24597,-0.00116844,-0.10961,-2.37315,-2.3044,0.0299624,0.73544,-0.767971,0.103728,1.24596,0.110267,0,0,0,0,0,0,0,0,0,0
25.4631,7.65187,0.282833,0.00968958,-0.00422358,0.329664,0.944039,-0.290063,0.836174,-1.76333,0.330635,1.03652,-2.21655,-0.208676,1.23532,-1.69131,0.265261,0.989908,-1.80717,1.32017,-2.20657,-3.00573,-3.27567,0.0324371,-0.0483747,0.133819,0.0270589,0.0164977,0.0703837,0.329903,-0.0400371,0.00961824,0.0686163,-0.0446138,0.0337549,0.0763043,1.23896,0.0450242,-0.0241428,-2.24278,-1.9676,0.0710503,0.33804,-0.685777,0.102117,1.25388,0.119313,0,0,0,0,0,0,0,0,0,0
25.4659,7.65358,0.283008,0.00990858,-0.00440511,0.329798,0.943989,-0.288797,0.848263,-1.76241,0.329642,1.01126,-2.22384,-0.209985,1.23957,-1.71896,0.26664,1.00198,-1.80535,1.32017,-2.20657,-3.00573,-3.27567,0.0324371,-0.0483747,0.133819,0.0270589,0.0164977,0.0703837,0.326633,-0.0414939,0.0134296,0.0295883,-0.0484986,0.0285839,0.126642,1.20891,0.0919409,-0.0993059,-2.52575,-0.729085,-0.130825,0.425715,-2.76438,0.137914,1.20753,0.182149,0,0,0,0,0,0,0,0,0,0
25.4687,7.65528,0.283216,0.0101241,-0.00459416,0.329905,0.943949,-0.287446,0.860154,-1.76106,0.329536,0.986813,-2.22869,-0.211075,1.23713,-1.7454,0.267979,1.01383,-1.80315,1.32017,-2.20657,-3.00573,-3.27567,0.0324371,-0.0483747,0.133819,0.0270589,0.0164977,0.0703837,0.326673,-0.0415778,0.0165194,0.0283882,-0.0497273,0.0230975,0.135077,1.18903,0.135869,-0.010555,-2.44464,-0.485442,-0.109032,-0.244612,-2.64454,0.133858,1.18516,0.21995,0,0,0,0,0,0,0,0,0,0
25.4715,7.65696,0.283469,0.0101553,-0.00479695,0.329994,0.943916,-0.28569,0.871625,-1.75937,0.327758,0.958165,-2.21722,-0.214507,1.23091,-1.78928,0.269605,1.02498,-1.8002,1.32017,-2.20657,-3.00573,-3.27567,0.0324371,-0.0483747,0.133819,0.0270589,0.0164977,0.0703837,0.322967,-0.0423236,0.0209181,-0.00733548,-0.0401937,0.0194494,0.175566,1.14711,0.168207,-0.177858,-2.86475,1.14716,-0.34325,-0.621968,-4.38799,0.162628,1.11483,0.294838,0,0,0,0,0,0,0,0,0,0
25.4743,7.65864,0.283747,0.0102229,-0.00492896,0.330075,0.943887,-0.284055,0.882832,-1.7574,0.327428,0.930766,-2.207,-0.218014,1.21622,-1.82752,0.271036,1.03572,-1.79677,1.32017,-2.20657,-3.00573,-3.27567,0.0324371,-0.0483747,0.133819,0.0270589,0.0164977,0.0703837,0.323345,-0.0416147,0.023327,0.00417839,-0.029246,0.0173479,0.163583,1.12072,0.197474,-0.0330093,-2.73988,1.02169,-0.350632,-1.46863,-3.82336,0.143084,1.07381,0.343249,0,0,0,0,0,0,0,0,0,0
25.4771,7.66031,0.284045,0.010208,-0.00508686,0.330155,0.943858,-0.282228,0.893777,-1.75511,0.324846,0.899815,-2.17886,-0.222924,1.19527,-1.87186,0.272648,1.04615,-1.79297,1.32017,-2.20657,-3.00573,-3.27567,0.0324371,-0.0483747,0.133819,0.0270589,0.0164977,0.0703837,0.321733,-0.0420033,0.0252566,-0.0130864,-0.0286919,0.017434,0.182651,1.09451,0.228712,-0.258171,-3.0951,2.81454,-0.491032,-2.09505,-4.43398,0.161141,1.04257,0.379773,0,0,0,0,0,0,0,0,0,0
25.4799,7.662,0.284328,0.0102893,-0.00519636,0.330247,0.943824,-0.280669,0.904631,-1.75266,0.323873,0.871072,-2.15461,-0.228324,1.16804,-1.91035,0.274047,1.05646,-1.78898,1.32017,-2.20657,-3.00573,-3.27567,0.0324371,-0.0483747,0.133819,0.0270589,0.0164977,0.0703837,0.323199,-0.0412557,0.0236744,0.00828063,-0.0258881,0.0195998,0.155927,1.0854,0.245094,-0.0972677,-2.87435,2.42454,-0.540032,-2.72343,-3.84952,0.139992,1.03154,0.398355,0,0,0,0,0,0,0,0,0,0
25.4827,7.66368,0.284596,0.0103481,-0.00536858,0.330341,0.94379,-0.279001,0.915437,-1.74997,0.320097,0.839462,-2.11056,-0.233879,1.13417,-1.94442,0.27563,1.0669,-1.78505,1.32017,-2.20657,-3.00573,-3.27567,0.0324371,-0.0483747,0.133819,0.0270589,0.0164977,0.0703837,0.32348,-0.0420411,0.0220551,-0.000107978,-0.0362343,0.0203117,0.166753,1.08062,0.268962,-0.377624,-3.16102,4.40508,-0.555437,-3.38695,-3.40629,0.158244,1.04331,0.393455,0,0,0,0,0,0,0,0,0,0
25.4855,7.66538,0.284805,0.0105072,-0.00553837,0.330448,0.943749,-0.277585,0.926345,-1.74728,0.317354,0.810179,-2.06934,-0.240194,1.09693,-1.97405,0.277113,1.07753,-1.78126,1.32017,-2.20657,-3.00573,-3.27567,0.0324371,-0.0483747,0.133819,0.0270589,0.0164977,0.0703837,0.325455,-0.041971,0.0159838,0.0190081,-0.0423796,0.0231554,0.141631,1.09083,0.268849,-0.27425,-2.92825,4.12198,-0.631515,-3.72416,-2.96325,0.148355,1.06368,0.379257,0,0,0,0,0,0,0,0,0,0
25.4883,7.66708,0.284961,0.0106907,-0.00575514,0.330552,0.94371,-0.276181,0.937351,-1.74458,0.311774,0.778532,-2.00812,-0.245753,1.05359,-1.9918,0.278712,1.08848,-1.77779,1.32017,-2.20657,-3.00573,-3.27567,0.0324371,-0.0483747,0.133819,0.0270589,0.0164977,0.0703837,0.326375,-0.0428253,0.0105164,0.020499,-0.0528654,0.0224208,0.140354,1.10061,0.27007,-0.558014,-3.16468,6.12246,-0.55588,-4.33392,-1.77502,0.159822,1.09499,0.347159,0,0,0,0,0,0,0,0,0,0
25.4911,7.66879,0.285007,0.0109887,-0.00595748,0.33066,0.943667,-0.275088,0.948615,-1.74218,0.307629,0.750189,-1.95375,-0.252588,1.0098,-2.00732,0.28022,1.09981,-1.77474,1.32017,-2.20657,-3.00573,-3.27567,0.0324371,-0.0483747,0.133819,0.0270589,0.0164977,0.0703837,0.328319,-0.0430103,-0.000665998,0.0430906,-0.0577129,0.0232268,0.109363,1.12639,0.239794,-0.414563,-2.83439,5.43657,-0.683553,-4.37917,-1.55262,0.15079,1.13259,0.304184,0,0,0,0,0,0,0,0,0,0
25.494,7.67052,0.284989,0.0114924,-0.00610752,0.330773,0.943621,-0.274477,0.959931,-1.73977,0.30217,0.722229,-1.88946,-0.257422,0.961185,-2.00001,0.281401,1.11144,-1.77206,1.32017,-2.20657,-3.00573,-3.27567,0.0324371,-0.0483747,0.133819,0.0270589,0.0164977,0.0703837,0.329943,-0.0424948,-0.00720765,0.0853855,-0.061436,0.0242722,0.0610821,1.13159,0.24129,-0.545903,-2.79594,6.42957,-0.483352,-4.86101,0.731601,0.118153,1.16367,0.268124,0,0,0,0,0,0,0,0,0,0
25.4968,7.67226,0.284856,0.0121549,-0.00621985,0.330881,0.943574,-0.274278,0.971536,-1.73772,0.297893,0.697917,-1.83279,-0.263581,0.915011,-1.99082,0.282387,1.12351,-1.7699,1.32017,-2.20657,-3.00573,-3.27567,0.0324371,-0.0483747,0.133819,0.0270589,0.0164977,0.0703837,0.331753,-0.0424201,-0.0190514,0.117834,-0.0648347,0.0228294,0.0198879,1.16044,0.204971,-0.427682,-2.4312,5.66613,-0.615963,-4.61739,0.918834,0.0985894,1.20682,0.21609,0,0,0,0,0,0,0,0,0,0
25.4997,7.67404,0.284663,0.0131377,-0.00619124,0.331006,0.943517,-0.274899,0.983149,-1.73567,0.292835,0.676923,-1.77414,-0.266649,0.866062,-1.95189,0.282716,1.13579,-1.76795,1.32017,-2.20657,-3.00573,-3.27567,0.0324371,-0.0483747,0.133819,0.0270589,0.0164977,0.0703837,0.334433,-0.0406384,-0.0251617,0.187662,-0.0594066,0.0261711,-0.0620478,1.16129,0.205056,-0.505784,-2.09937,5.86573,-0.306775,-4.89493,3.89326,0.0329102,1.22753,0.195282,0,0,0,0,0,0,0,0,0,0
25.5025,7.67581,0.284405,0.0141404,-0.00617134,0.331077,0.943478,-0.275517,0.99486,-1.73373,0.287697,0.667788,-1.73656,-0.270524,0.821849,-1.91328,0.283022,1.1482,-1.7662,1.32017,-2.20657,-3.00573,-3.27567,0.0324371,-0.0483747,0.133819,0.0270589,0.0164977,0.0703837,0.334064,-0.0413185,-0.0319035,0.190719,-0.0624865,0.0146895,-0.0618614,1.17115,0.194449,-0.513777,-0.91354,3.758,-0.387466,-4.42131,3.86069,0.0306034,1.24122,0.17526,0,0,0,0,0,0,0,0,0,0
25.5054,7.67759,0.284187,0.0152006,-0.00618436,0.331108,0.94345,-0.276157,1.0063,-1.73119,0.285165,0.676529,-1.72929,-0.271421,0.778435,-1.85097,0.283102,1.16045,-1.76406,1.32017,-2.20657,-3.00573,-3.27567,0.0324371,-0.0483747,0.133819,0.0270589,0.0164977,0.0703837,0.333184,-0.0405152,-0.0279602,0.199301,-0.072602,0.00634658,-0.0640138,1.14448,0.253911,-0.253211,0.874089,0.726878,-0.0897614,-4.34141,6.231,0.00798153,1.22487,0.213077,0,0,0,0,0,0,0,0,0,0
25.5082,7.67933,0.284073,0.0161333,-0.00630802,0.331112,0.943432,-0.276328,1.01712,-1.72763,0.284603,0.689929,-1.73207,-0.270879,0.750452,-1.80512,0.283383,1.17214,-1.76118,1.32017,-2.20657,-3.00573,-3.27567,0.0324371,-0.0483747,0.133819,0.0270589,0.0164977,0.0703837,0.328433,-0.0409356,-0.0176215,0.167873,-0.0851139,0.00115161,-0.0170575,1.08136,0.355328,-0.0561806,1.33998,-0.277724,0.0542253,-2.79822,4.58542,0.0281075,1.16928,0.288871,0,0,0,0,0,0,0,0,0,0
25.511,7.68103,0.284076,0.0170047,-0.0063091,0.331116,0.943416,-0.276524,1.02712,-1.72379,0.284112,0.703113,-1.73492,-0.268307,0.747914,-1.78147,0.283387,1.18253,-1.75723,1.32017,-2.20657,-3.00573,-3.27567,0.0324371,-0.0483747,0.133819,0.0270589,0.0164977,0.0703837,0.32004,-0.0386593,-0.00595029,0.164406,-0.0579149,0.000842352,-0.0195766,1.00023,0.384504,-0.049138,1.3184,-0.284965,0.257227,-0.2538,2.36483,0.000378364,1.03847,0.394616,0,0,0,0,0,0,0,0,0,0
25.5136,7.68266,0.284297,0.0177339,-0.00601887,0.331119,0.943403,-0.276535,1.03548,-1.71898,0.283677,0.71507,-1.73728,-0.267107,0.756086,-1.77501,0.282966,1.19025,-1.75098,1.32017,-2.20657,-3.00573,-3.27567,0.0324371,-0.0483747,0.133819,0.0270589,0.0164977,0.0703837,0.309815,-0.0373034,0.015917,0.156856,0.00646398,-0.000525425,-0.00115933,0.835598,0.480794,-0.0434866,1.19571,-0.236509,0.119984,0.817119,0.645414,-0.0420807,0.772142,0.624573,0,0,0,0,0,0,0,0,0,0
25.5162,7.68428,0.284578,0.0183126,-0.00556553,0.331082,0.943408,-0.27658,1.04375,-1.71539,0.283461,0.726433,-1.73929,-0.266706,0.766419,-1.77395,0.282373,1.19692,-1.74419,1.32017,-2.20657,-3.00573,-3.27567,0.0324371,-0.0483747,0.133819,0.0270589,0.0164977,0.0703837,0.304166,-0.0355992,0.0222745,0.139138,0.0470929,-0.00963464,-0.00448834,0.827624,0.358694,-0.0216337,1.13635,-0.201152,0.0400878,1.03336,0.105936,-0.0593039,0.667391,0.679649,0,0,0,0,0,0,0,0,0,0
25.5188,7.68587,0.284913,0.0188592,-0.00493825,0.331022,0.943422,-0.276566,1.05076,-1.7106,0.283248,0.737329,-1.74153,-0.26647,0.77609,-1.77262,0.281322,1.20215,-1.73616,1.32017,-2.20657,-3.00573,-3.27567,0.0324371,-0.0483747,0.133819,0.0270589,0.0164977,0.0703837,0.298925,-0.0332447,0.0279289,0.144552,0.0819573,-0.0150876,0.00138953,0.701062,0.4792,-0.0213041,1.08953,-0.22401,0.0236285,0.967099,0.133131,-0.105061,0.522603,0.802641,0,0,0,0,0,0,0,0,0,0
25.5213,7.68745,0.285181,0.0188674,-0.00444839,0.330871,0.943477,-0.277629,1.06097,-1.7247,0.284318,0.748018,-1.74347,-0.265381,0.785947,-1.77165,0.281162,1.20731,-1.72839,1.32017,-2.20657,-3.00573,-3.27567,0.0324371,-0.0483747,0.133819,0.0270589,0.0164977,0.0703837,0.296841,-0.0344833,0.0216022,0.0336253,0.0913703,-0.0340566,-0.106231,1.02087,-1.41021,0.107047,1.06898,-0.193326,0.108872,0.985709,0.0972603,-0.0160398,0.515872,0.777455,0,0,0,0,0,0,0,0,0,0
25.5238,7.68904,0.285386,0.0186033,-0.00409943,0.330641,0.943564,-0.277758,1.06671,-1.73541,0.286167,0.758921,-1.7457,-0.26393,0.796187,-1.77128,0.281317,1.21226,-1.72026,1.32017,-2.20657,-3.00573,-3.27567,0.0324371,-0.0483747,0.133819,0.0270589,0.0164977,0.0703837,0.297381,-0.033533,0.015559,-0.0272711,0.0825308,-0.0502339,-0.0129927,0.574145,-1.07056,0.184842,1.09026,-0.223243,0.145093,1.02394,0.0367172,0.0155545,0.49575,0.813084,0,0,0,0,0,0,0,0,0,0
25.5263,7.69065,0.285514,0.0180035,-0.003898,0.33034,0.943682,-0.279954,1.07421,-1.77507,0.288791,0.769939,-1.74788,-0.26208,0.806886,-1.77157,0.281969,1.2171,-1.71205,1.32017,-2.20657,-3.00573,-3.27567,0.0324371,-0.0483747,0.133819,0.0270589,0.0164977,0.0703837,0.298398,-0.0315432,0.00792748,-0.100566,0.0766586,-0.0648373,-0.21959,0.749958,-3.96576,0.262406,1.10184,-0.217973,0.185031,1.06995,-0.0284572,0.0651538,0.483749,0.820315,0,0,0,0,0,0,0,0,0,0
25.5289,7.69232,0.285593,0.0173313,-0.00389043,0.329967,0.943825,-0.281287,1.07642,-1.81359,0.291633,0.781337,-1.74981,-0.260303,0.818402,-1.7725,0.282725,1.22261,-1.70426,1.32017,-2.20657,-3.00573,-3.27567,0.0324371,-0.0483747,0.133819,0.0270589,0.0164977,0.0703837,0.302794,-0.0277474,0.00297985,-0.127159,0.0446019,-0.0793412,-0.133286,0.220883,-3.8519,0.284229,1.1397,-0.193402,0.177641,1.15159,-0.0933776,0.0755686,0.5512,0.779037,0,0,0,0,0,0,0,0,0,0
25.5314,7.69404,0.285639,0.0165951,-0.00394477,0.329578,0.943974,-0.283326,1.07475,-1.85883,0.294472,0.792889,-1.75161,-0.258583,0.83013,-1.77355,0.283495,1.22807,-1.69631,1.32017,-2.20657,-3.00573,-3.27567,0.0324371,-0.0483747,0.133819,0.0270589,0.0164977,0.0703837,0.305709,-0.0229422,-0.000348516,-0.143386,0.037096,-0.0826422,-0.20384,-0.167199,-4.52393,0.283906,1.1552,-0.179979,0.172018,1.17278,-0.105179,0.0770273,0.545765,0.794962,0,0,0,0,0,0,0,0,0,0
25.534,7.69583,0.285664,0.0158927,-0.00408212,0.329166,0.94413,-0.284968,1.06796,-1.8983,0.297122,0.80469,-1.75315,-0.257156,0.84235,-1.77487,0.284118,1.23399,-1.68863,1.32017,-2.20657,-3.00573,-3.27567,0.0324371,-0.0483747,0.133819,0.0270589,0.0164977,0.0703837,0.310307,-0.0175542,-0.00273069,-0.142505,0.0191234,-0.086999,-0.164232,-0.678638,-3.94744,0.264959,1.18017,-0.153993,0.142685,1.22206,-0.131366,0.0622827,0.591537,0.767956,0,0,0,0,0,0,0,0,0,0
25.5365,7.69768,0.285656,0.0152617,-0.0042327,0.328784,0.944272,-0.286971,1.05627,-1.93525,0.299425,0.816642,-1.75463,-0.255985,0.854658,-1.77614,0.284614,1.2404,-1.68188,1.32017,-2.20657,-3.00573,-3.27567,0.0324371,-0.0483747,0.133819,0.0270589,0.0164977,0.0703837,0.312251,-0.0125566,-0.00612851,-0.129829,0.0120134,-0.0804419,-0.200337,-1.16952,-3.69473,0.230355,1.19517,-0.14824,0.117103,1.23072,-0.127697,0.0496133,0.641152,0.675293,0,0,0,0,0,0,0,0,0,0
25.539,7.69957,0.285609,0.014709,-0.00442861,0.328424,0.944405,-0.28904,1.04137,-1.96616,0.301419,0.828827,-1.75602,-0.255145,0.867357,-1.77771,0.284814,1.24684,-1.67503,1.32017,-2.20657,-3.00573,-3.27567,0.0324371,-0.0483747,0.133819,0.0270589,0.0164977,0.0703837,0.315236,-0.00785067,-0.0101274,-0.117974,-0.00164201,-0.0756442,-0.206919,-1.48961,-3.09154,0.199375,1.2185,-0.138359,0.0840365,1.2699,-0.156675,0.0199705,0.644509,0.685412,0,0,0,0,0,0,0,0,0,0
25.5415,7.70149,0.285503,0.0143133,-0.00468064,0.328115,0.944518,-0.291003,1.02208,-1.99123,0.302982,0.841194,-1.75734,-0.254651,0.88032,-1.77948,0.285481,1.25612,-1.67779,1.32017,-2.20657,-3.00573,-3.27567,0.0324371,-0.0483747,0.133819,0.0270589,0.0164977,0.0703837,0.31429,-0.00459641,-0.0162245,-0.0918853,-0.0224259,-0.0647057,-0.196254,-1.92961,-2.50671,0.156342,1.2367,-0.132498,0.0493806,1.29633,-0.176711,0.0667801,0.927393,-0.276043,0,0,0,0,0,0,0,0,0,0
25.544,7.70343,0.285338,0.0139726,-0.00502047,0.327858,0.94461,-0.293219,1.00154,-2.01265,0.304369,0.853818,-1.75862,-0.254318,0.893776,-1.78177,0.285223,1.26311,-1.67988,1.32017,-2.20657,-3.00573,-3.27567,0.0324371,-0.0483747,0.133819,0.0270589,0.0164977,0.0703837,0.315073,-0.00253103,-0.0222944,-0.0871748,-0.0424836,-0.0533485,-0.221571,-2.05352,-2.14244,0.138629,1.26245,-0.1278,0.0332768,1.34558,-0.229003,-0.025874,0.698977,-0.209096,0,0,0,0,0,0,0,0,0,0
25.5464,7.70535,0.285147,0.0137051,-0.00537264,0.327648,0.944685,-0.294578,0.976632,-2.02521,0.305537,0.866302,-1.75973,-0.254097,0.907098,-1.78391,0.287454,1.27366,-1.70692,1.32017,-2.20657,-3.00573,-3.27567,0.0324371,-0.0483747,0.133819,0.0270589,0.0164977,0.0703837,0.311005,-0.00161907,-0.0248842,-0.074043,-0.0495079,-0.043372,-0.135938,-2.4909,-1.25572,0.116848,1.24833,-0.110713,0.0221319,1.33217,-0.213971,0.223082,1.05497,-2.70413,0,0,0,0,0,0,0,0,0,0
25.5489,7.70727,0.284943,0.0133239,-0.00579572,0.327509,0.944736,-0.296459,0.951916,-2.03694,0.306887,0.878798,-1.76061,-0.253538,0.920549,-1.78616,0.288598,1.27702,-1.73032,1.32017,-2.20657,-3.00573,-3.27567,0.0324371,-0.0483747,0.133819,0.0270589,0.0164977,0.0703837,0.311477,-0.00247449,-0.02646,-0.100048,-0.0552765,-0.0280445,-0.188125,-2.47167,-1.1731,0.135027,1.2496,-0.08778,0.055909,1.3452,-0.225634,0.114481,0.336447,-2.3405,0,0,0,0,0,0,0,0,0,0
25.5513,7.70916,0.284762,0.0129715,-0.00619279,0.327429,0.944766,-0.297024,0.923458,-2.0373,0.308077,0.890971,-1.76112,-0.252916,0.933578,-1.78789,0.291593,1.27804,-1.77234,1.32017,-2.20657,-3.00573,-3.27567,0.0324371,-0.0483747,0.133819,0.0270589,0.0164977,0.0703837,0.308092,-0.00282583,-0.0241754,-0.0927488,-0.0521267,-0.0155151,-0.0564323,-2.84572,-0.0353414,0.118921,1.21727,-0.0519237,0.0621996,1.30287,-0.172155,0.299476,0.102229,-4.20154,0,0,0,0,0,0,0,0,0,0
25.5538,7.71103,0.28461,0.0124715,-0.00659579,0.327423,0.944773,-0.297914,0.895737,-2.03643,0.309486,0.902935,-1.7613,-0.25182,0.94633,-1.78925,0.294285,1.27116,-1.8105,1.32017,-2.20657,-3.00573,-3.27567,0.0324371,-0.0483747,0.133819,0.0270589,0.0164977,0.0703837,0.308497,-0.00460375,-0.0213794,-0.120908,-0.0434086,2.27789e-05,-0.089046,-2.77211,0.0869455,0.140967,1.19643,-0.0176307,0.109599,1.2752,-0.135987,0.2692,-0.688099,-3.81643,0,0,0,0,0,0,0,0,0,0
25.5562,7.71291,0.284517,0.0120285,-0.00696127,0.327478,0.944757,-0.297406,0.865576,-2.01985,0.31062,0.914558,-1.76093,-0.250711,0.958646,-1.78992,0.296797,1.2566,-1.85099,1.32017,-2.20657,-3.00573,-3.27567,0.0324371,-0.0483747,0.133819,0.0270589,0.0164977,0.0703837,0.307564,-0.0043848,-0.0156403,-0.10752,-0.0399338,0.0129886,0.0507885,-3.0161,1.65769,0.113339,1.16236,0.0368279,0.110856,1.23155,-0.0672563,0.251233,-1.45578,-4.049,0,0,0,0,0,0,0,0,0,0
25.5587,7.71478,0.284462,0.011487,-0.00731538,0.327594,0.94472,-0.297617,0.837787,-2.00318,0.311864,0.925973,-1.76019,-0.249241,0.970624,-1.79007,0.299283,1.23523,-1.88605,1.32017,-2.20657,-3.00573,-3.27567,0.0324371,-0.0483747,0.133819,0.0270589,0.0164977,0.0703837,0.308923,-0.00555138,-0.0120295,-0.12526,-0.0312144,0.0259722,-0.0210648,-2.77898,1.6669,0.124407,1.14145,0.0742584,0.147067,1.19786,-0.0151772,0.24852,-2.13785,-3.50596,0,0,0,0,0,0,0,0,0,0
25.5612,7.71666,0.28445,0.0110216,-0.00764879,0.327754,0.944668,-0.296371,0.808847,-1.97037,0.312828,0.937153,-1.75897,-0.24785,0.982358,-1.78973,0.300753,1.20588,-1.91731,1.32017,-2.20657,-3.00573,-3.27567,0.0324371,-0.0483747,0.133819,0.0270589,0.0164977,0.0703837,0.309301,-0.00483362,-0.00772921,-0.109419,-0.0322178,0.0349382,0.1246,-2.89395,3.28122,0.0964545,1.118,0.122405,0.139035,1.17334,0.0339838,0.147084,-2.93439,-3.12528,0,0,0,0,0,0,0,0,0,0
25.5636,7.71855,0.28445,0.0105354,-0.00797046,0.32795,0.944603,-0.296003,0.783113,-1.93898,0.313776,0.948237,-1.75749,-0.24634,0.993899,-1.78901,0.302118,1.17197,-1.94431,1.32017,-2.20657,-3.00573,-3.27567,0.0324371,-0.0483747,0.133819,0.0270589,0.0164977,0.0703837,0.311165,-0.00486492,-0.00675964,-0.112512,-0.0285666,0.042753,0.0367417,-2.57337,3.13903,0.094804,1.10843,0.14758,0.151017,1.15414,0.0721282,0.136501,-3.39078,-2.70057,0,0,0,0,0,0,0,0,0,0
25.5661,7.72046,0.284466,0.0101326,-0.00826557,0.328174,0.944527,-0.294476,0.757024,-1.8932,0.314465,0.959201,-1.75574,-0.244989,1.00531,-1.78798,0.301277,1.13071,-1.9605,1.32017,-2.20657,-3.00573,-3.27567,0.0324371,-0.0483747,0.133819,0.0270589,0.0164977,0.0703837,0.312312,-0.00359715,-0.00522404,-0.0949419,-0.0289803,0.0487031,0.152782,-2.60889,4.57787,0.0688766,1.09636,0.175418,0.135175,1.14075,0.103318,-0.0841295,-4.12678,-1.61875,0,0,0,0,0,0,0,0,0,0
25.5686,7.72238,0.284454,0.00976393,-0.00853786,0.328423,0.944442,-0.294163,0.734753,-1.85228,0.315061,0.970209,-1.75397,-0.24371,1.01666,-1.78678,0.300561,1.08812,-1.97468,1.32017,-2.20657,-3.00573,-3.27567,0.0324371,-0.0483747,0.133819,0.0270589,0.0164977,0.0703837,0.314266,-0.00278564,-0.00825174,-0.0869238,-0.0268782,0.0536462,0.0312254,-2.22711,4.0915,0.0596003,1.10079,0.176299,0.127891,1.13569,0.119342,-0.0716233,-4.25826,-1.41794,0,0,0,0,0,0,0,0,0,0
25.5711,7.72433,0.284426,0.00934979,-0.00880405,0.328686,0.944352,-0.292905,0.71392,-1.80419,0.315737,0.981198,-1.75212,-0.242339,1.028,-1.78549,0.296444,1.04009,-1.9681,1.32017,-2.20657,-3.00573,-3.27567,0.0324371,-0.0483747,0.133819,0.0270589,0.0164977,0.0703837,0.316677,-0.00245453,-0.00993232,-0.0950849,-0.0227165,0.0569627,0.125821,-2.08333,4.80985,0.0675794,1.09889,0.185057,0.137095,1.13397,0.129201,-0.411689,-4.80299,0.658214,0,0,0,0,0,0,0,0,0,0
25.5736,7.72631,0.284344,0.00900855,-0.00904797,0.32898,0.944251,-0.292083,0.696821,-1.76114,0.316253,0.992347,-1.75039,-0.241138,1.03942,-1.78419,0.291947,0.993509,-1.95765,1.32017,-2.20657,-3.00573,-3.27567,0.0324371,-0.0483747,0.133819,0.0270589,0.0164977,0.0703837,0.319007,-0.00123094,-0.0154782,-0.0797788,-0.0232672,0.0631631,0.0822036,-1.70991,4.3042,0.0515785,1.11498,0.173496,0.12005,1.14125,0.130192,-0.449695,-4.65847,1.04489,0,0,0,0,0,0,0,0,0,0
25.5761,7.7283,0.284205,0.00873217,-0.00926461,0.329325,0.944131,-0.289289,0.689649,-1.72914,0.316623,1.00373,-1.74892,-0.240055,1.05097,-1.78305,0.283021,0.944744,-1.92029,1.32017,-2.20657,-3.00573,-3.27567,0.0324371,-0.0483747,0.133819,0.0270589,0.0164977,0.0703837,0.321081,-0.000216876,-0.021273,-0.0656075,-0.0223213,0.0739605,0.279462,-0.717167,3.19992,0.0369861,1.13783,0.147111,0.108304,1.15576,0.113782,-0.892604,-4.87656,3.73594,0,0,0,0,0,0,0,0,0,0
25.5786,7.73031,0.284024,0.0086081,-0.00952232,0.329714,0.943993,-0.28837,0.697118,-1.7242,0.316687,1.0152,-1.74723,-0.239205,1.06274,-1.78196,0.274421,0.901788,-1.88361,1.32017,-2.20657,-3.00573,-3.27567,0.0324371,-0.0483747,0.133819,0.0270589,0.0164977,0.0703837,0.32141,0.000245189,-0.0256549,-0.0394397,-0.0400654,0.0832187,0.0918109,0.746855,0.494543,0.00640415,1.14717,0.169045,0.0849645,1.17645,0.109367,-0.860046,-4.29557,3.66749,0,0,0,0,0,0,0,0,0,0
25.5811,7.73229,0.283815,0.00848183,-0.00974202,0.330083,0.943864,-0.288066,0.708905,-1.72563,0.316895,1.02669,-1.74594,-0.238363,1.07439,-1.78095,0.265703,0.872683,-1.84028,1.32017,-2.20657,-3.00573,-3.27567,0.0324371,-0.0483747,0.133819,0.0270589,0.0164977,0.0703837,0.318445,-0.000937447,-0.0285394,-0.0374033,-0.0327668,0.078748,0.0303946,1.17867,-0.143466,0.0208018,1.14955,0.128321,0.0842263,1.16551,0.101139,-0.87173,-2.91053,4.33358,0,0,0,0,0,0,0,0,0,0
25.5836,7.73422,0.283668,0.00830842,-0.00979433,0.330416,0.943748,-0.288098,0.721083,-1.72921,0.317111,1.03725,-1.7442,-0.237393,1.08468,-1.77874,0.262257,0.869116,-1.82018,1.32017,-2.20657,-3.00573,-3.27567,0.0324371,-0.0483747,0.133819,0.0270589,0.0164977,0.0703837,0.310535,-0.00225387,-0.0221206,-0.0353428,0.00191355,0.0708595,-0.00319223,1.21786,-0.357364,0.0216702,1.05622,0.173798,0.0970083,1.02912,0.220631,-0.344633,-0.356712,2.00971,0,0,0,0,0,0,0,0,0,0
25.586,7.73606,0.283537,0.00796488,-0.00958125,0.330688,0.943658,-0.287963,0.73266,-1.73298,0.317862,1.04772,-1.74449,-0.236122,1.09372,-1.77612,0.261856,0.876385,-1.81307,1.32017,-2.20657,-3.00573,-3.27567,0.0324371,-0.0483747,0.133819,0.0270589,0.0164977,0.0703837,0.30078,-0.00514459,-0.0202164,-0.0500775,0.0631966,0.0577609,0.0135238,1.15769,-0.377076,0.0750756,1.04685,-0.0281919,0.127072,0.903566,0.262314,-0.0400576,0.726973,0.711452,0,0,0,0,0,0,0,0,0,0
25.5883,7.73781,0.283459,0.00729313,-0.00911285,0.330868,0.943605,-0.287365,0.743729,-1.73799,0.319037,1.05642,-1.74359,-0.234203,1.10076,-1.77196,0.263,0.885586,-1.81229,1.32017,-2.20657,-3.00573,-3.27567,0.0324371,-0.0483747,0.133819,0.0270589,0.0164977,0.0703837,0.290854,-0.00860489,-0.0142791,-0.0953718,0.133016,0.0380166,0.0597701,1.10692,-0.501259,0.117523,0.869386,0.0894497,0.191947,0.704313,0.415503,0.114347,0.92004,0.0775271,0,0,0,0,0,0,0,0,0,0
25.5906,7.73951,0.283347,0.00700449,-0.00849569,0.331062,0.943545,-0.287578,0.754336,-1.74229,0.321199,1.06874,-1.76804,-0.232931,1.10776,-1.76843,0.263535,0.894856,-1.81183,1.32017,-2.20657,-3.00573,-3.27567,0.0324371,-0.0483747,0.133819,0.0270589,0.0164977,0.0703837,0.283018,-0.00899812,-0.0171669,-0.0131929,0.135744,0.0402058,-0.0212411,1.06071,-0.430058,0.216194,1.2327,-2.44434,0.127219,0.699915,0.353216,0.0535287,0.927053,0.0457631,0,0,0,0,0,0,0,0,0,0
25.5928,7.74116,0.283222,0.00687466,-0.00789504,0.331254,0.943483,-0.288023,0.765042,-1.74679,0.321133,1.07571,-1.78895,-0.231709,1.11429,-1.76418,0.263961,0.904235,-1.81168,1.32017,-2.20657,-3.00573,-3.27567,0.0324371,-0.0483747,0.133819,0.0270589,0.0164977,0.0703837,0.278521,-0.0119414,-0.0179725,0.0156827,0.12211,0.0397076,-0.0445311,1.07055,-0.449802,-0.00665538,0.697029,-2.09124,0.122224,0.653164,0.424799,0.0425815,0.937884,0.0150941,0,0,0,0,0,0,0,0,0,0
25.595,7.74276,0.283092,0.00701547,-0.00726074,0.331458,0.943416,-0.288864,0.775539,-1.75071,0.324103,1.08618,-1.84681,-0.230843,1.12063,-1.75989,0.264036,0.913627,-1.81152,1.32017,-2.20657,-3.00573,-3.27567,0.0324371,-0.0483747,0.133819,0.0270589,0.0164977,0.0703837,0.274179,-0.0146285,-0.018073,0.0690082,0.110535,0.0418609,-0.0841,1.04967,-0.392405,0.297052,1.04695,-5.78621,0.0865719,0.634127,0.42933,0.00751127,0.939203,0.0159779,0,0,0,0,0,0,0,0,0,0
25.5973,7.74433,0.283009,0.00725917,-0.00682409,0.331682,0.943339,-0.2895,0.786135,-1.75371,0.325526,1.09026,-1.89841,-0.229837,1.12728,-1.75544,0.264324,0.923668,-1.81169,1.32017,-2.20657,-3.00573,-3.27567,0.0324371,-0.0483747,0.133819,0.0270589,0.0164977,0.0703837,0.274608,-0.019259,-0.0131668,0.0753628,0.0664345,0.046383,-0.0635579,1.05969,-0.299579,0.142294,0.407127,-5.1603,0.100605,0.664316,0.445055,0.0287625,1.00411,-0.0166025,0,0,0,0,0,0,0,0,0,0
25.5996,7.74587,0.282942,0.00756725,-0.00640799,0.331904,0.943261,-0.290093,0.796685,-1.75633,0.327681,1.09077,-1.96202,-0.228936,1.13387,-1.75106,0.264597,0.933646,-1.81157,1.32017,-2.20657,-3.00573,-3.27567,0.0324371,-0.0483747,0.133819,0.0270589,0.0164977,0.0703837,0.274073,-0.0223527,-0.0112482,0.0861432,0.0582846,0.0460151,-0.0592941,1.05492,-0.262328,0.215442,0.0518501,-6.3606,0.0900521,0.659639,0.438118,0.0273732,0.997745,0.0119747,0,0,0,0,0,0,0,0,0,0
25.6019,7.7474,0.282913,0.00789975,-0.00613664,0.332136,0.943178,-0.290403,0.807287,-1.75815,0.328506,1.08497,-2.01631,-0.22783,1.14061,-1.74644,0.265121,0.944075,-1.81154,1.32017,-2.20657,-3.00573,-3.27567,0.0324371,-0.0483747,0.133819,0.0270589,0.0164977,0.0703837,0.276551,-0.0261439,-0.00725825,0.0811599,0.0293646,0.0484137,-0.0309962,1.06019,-0.181424,0.0825036,-0.580577,-5.42909,0.110581,0.673596,0.461956,0.0523311,1.04287,0.00284225,0,0,0,0,0,0,0,0,0,0
25.6042,7.74892,0.2829,0.00821286,-0.00588017,0.332361,0.943098,-0.290551,0.817873,-1.75973,0.32926,1.07434,-2.06996,-0.226689,1.14728,-1.74214,0.265737,0.954378,-1.81115,1.32017,-2.20657,-3.00573,-3.27567,0.0324371,-0.0483747,0.133819,0.0270589,0.0164977,0.0703837,0.277748,-0.0287021,-0.00560087,0.0765042,0.0278372,0.0469726,-0.0148484,1.05866,-0.158457,0.0754611,-1.06277,-5.36474,0.11411,0.667055,0.429968,0.0616294,1.03037,0.0392704,0,0,0,0,0,0,0,0,0,0
25.6066,7.75044,0.282902,0.00852415,-0.00569705,0.332587,0.943017,-0.290502,0.828511,-1.76085,0.329397,1.0601,-2.11513,-0.225376,1.15385,-1.73762,0.266533,0.964926,-1.81073,1.32017,-2.20657,-3.00573,-3.27567,0.0324371,-0.0483747,0.133819,0.0270589,0.0164977,0.0703837,0.280669,-0.0312842,-0.0040634,0.0712868,0.0141244,0.0473645,0.00492077,1.06375,-0.111685,0.0137055,-1.4237,-4.51774,0.13136,0.656552,0.451431,0.07958,1.05476,0.0416509,0,0,0,0,0,0,0,0,0,0
25.609,7.75195,0.282923,0.00880989,-0.00556102,0.332801,0.942939,-0.290252,0.839133,-1.76159,0.329263,1.04297,-2.15324,-0.224101,1.16052,-1.73473,0.267436,0.975438,-1.81,1.32017,-2.20657,-3.00573,-3.27567,0.0324371,-0.0483747,0.133819,0.0270589,0.0164977,0.0703837,0.282496,-0.0331738,-0.00216306,0.0633164,0.00692566,0.0449566,0.0250029,1.06224,-0.0743535,-0.0134528,-1.71294,-3.81088,0.127464,0.66697,0.288795,0.0903283,1.05125,0.0733489,0,0,0,0,0,0,0,0,0,0
25.6115,7.75347,0.282947,0.00911647,-0.00548252,0.333007,0.942864,-0.289904,0.849834,-1.76199,0.329279,1.0256,-2.18518,-0.222732,1.16664,-1.73199,0.268422,0.986182,-1.80927,1.32017,-2.20657,-3.00573,-3.27567,0.0324371,-0.0483747,0.133819,0.0270589,0.0164977,0.0703837,0.285195,-0.0346881,-0.00179914,0.0634044,-0.00532253,0.0434266,0.0347804,1.07007,-0.0403211,0.00161939,-1.73697,-3.19386,0.136942,0.612046,0.274213,0.0985704,1.07438,0.0726474,0,0,0,0,0,0,0,0,0,0
25.6139,7.75499,0.282999,0.00936712,-0.00548663,0.333193,0.942796,-0.289258,0.860468,-1.76189,0.328884,1.0067,-2.20728,-0.221989,1.17316,-1.73745,0.269574,0.996876,-1.8082,1.32017,-2.20657,-3.00573,-3.27567,0.0324371,-0.0483747,0.133819,0.0270589,0.0164977,0.0703837,0.286225,-0.0362137,0.000997793,0.047319,-0.0172057,0.0392314,0.0645926,1.06342,0.0105117,-0.0395339,-1.89002,-2.20962,0.074307,0.652205,-0.54626,0.115177,1.0694,0.107567,0,0,0,0,0,0,0,0,0,0
25.6164,7.75652,0.283066,0.00966702,-0.00553363,0.333363,0.942733,-0.288587,0.87114,-1.76139,0.329259,0.989447,-2.22634,-0.220706,1.17614,-1.74036,0.2707,1.00775,-1.80706,1.32017,-2.20657,-3.00573,-3.27567,0.0324371,-0.0483747,0.133819,0.0270589,0.0164977,0.0703837,0.289004,-0.0370045,0.00237304,0.0537224,-0.0285992,0.0360442,0.0671402,1.06718,0.049993,0.0375024,-1.72567,-1.90595,0.128257,0.298135,-0.290882,0.112599,1.08787,0.113604,0,0,0,0,0,0,0,0,0,0
25.6189,7.75803,0.283166,0.00980639,-0.00567544,0.333505,0.94268,-0.287426,0.881682,-1.76047,0.328922,0.969866,-2.23353,-0.221242,1.17984,-1.76182,0.272169,1.01838,-1.80541,1.32017,-2.20657,-3.00573,-3.27567,0.0324371,-0.0483747,0.133819,0.0270589,0.0164977,0.0703837,0.288868,-0.0386154,0.00567077,0.0170806,-0.035812,0.0303286,0.116093,1.05423,0.0918982,-0.0336231,-1.95811,-0.719356,-0.0536306,0.370328,-2.14557,0.14696,1.06262,0.164647,0,0,0,0,0,0,0,0,0,0
25.6214,7.75956,0.283294,0.00995558,-0.00584099,0.33362,0.942637,-0.286188,0.892183,-1.75915,0.32937,0.951291,-2.23831,-0.22149,1.17751,-1.78143,0.273602,1.029,-1.80351,1.32017,-2.20657,-3.00573,-3.27567,0.0324371,-0.0483747,0.133819,0.0270589,0.0164977,0.0703837,0.291701,-0.0388094,0.00821403,0.0173026,-0.0409876,0.024879,0.123746,1.05012,0.13251,0.0447402,-1.85751,-0.478377,-0.0247201,-0.233612,-1.96131,0.143274,1.06212,0.189873,0,0,0,0,0,0,0,0,0,0
25.6239,7.76108,0.283457,0.0099268,-0.0060365,0.333711,0.942604,-0.28454,0.902438,-1.75757,0.328212,0.928746,-2.22751,-0.224183,1.17203,-1.81842,0.275321,1.03912,-1.80099,1.32017,-2.20657,-3.00573,-3.27567,0.0324371,-0.0483747,0.133819,0.0270589,0.0164977,0.0703837,0.290671,-0.0395506,0.0117366,-0.0182996,-0.0347947,0.0197709,0.164865,1.02547,0.157863,-0.115797,-2.25451,1.08054,-0.269372,-0.547242,-3.69887,0.171911,1.01203,0.252268,0,0,0,0,0,0,0,0,0,0
25.6264,7.76262,0.283644,0.00990635,-0.00617795,0.333788,0.942576,-0.282934,0.912547,-1.75575,0.328071,0.906739,-2.21603,-0.227191,1.15934,-1.85204,0.27691,1.04895,-1.79803,1.32017,-2.20657,-3.00573,-3.27567,0.0324371,-0.0483747,0.133819,0.0270589,0.0164977,0.0703837,0.293038,-0.0390562,0.0139262,-0.0131472,-0.0251819,0.0167168,0.160604,1.01093,0.181738,-0.0140822,-2.20068,1.1476,-0.300818,-1.2694,-3.36153,0.158851,0.982603,0.296227,0,0,0,0,0,0,0,0,0,0
25.629,7.76415,0.28385,0.00978419,-0.0063407,0.333859,0.942551,-0.281098,0.922477,-1.75369,0.325633,0.880771,-2.18658,-0.231804,1.14108,-1.89316,0.278694,1.0585,-1.79469,1.32017,-2.20657,-3.00573,-3.27567,0.0324371,-0.0483747,0.133819,0.0270589,0.0164977,0.0703837,0.293129,-0.039476,0.0158672,-0.0337562,-0.0224179,0.0154875,0.183525,0.992922,0.205552,-0.24379,-2.5968,2.94492,-0.461277,-1.82627,-4.11235,0.178405,0.954823,0.334182,0,0,0,0,0,0,0,0,0,0
25.6315,7.76571,0.284047,0.00974531,-0.00644341,0.33394,0.942522,-0.279511,0.93238,-1.75152,0.324652,0.856477,-2.16049,-0.236809,1.11686,-1.92836,0.28027,1.06795,-1.79112,1.32017,-2.20657,-3.00573,-3.27567,0.0324371,-0.0483747,0.133819,0.0270589,0.0164977,0.0703837,0.296363,-0.0387447,0.0147457,-0.0140298,-0.016643,0.0174018,0.15872,0.990291,0.21717,-0.098069,-2.42946,2.6093,-0.500475,-2.42198,-3.52014,0.157664,0.945709,0.356585,0,0,0,0,0,0,0,0,0,0
25.6341,7.76728,0.284233,0.00968824,-0.00659998,0.334024,0.942492,-0.277831,0.942292,-1.74913,0.320964,0.829117,-2.1152,-0.241998,1.08654,-1.95988,0.282008,1.07757,-1.78758,1.32017,-2.20657,-3.00573,-3.27567,0.0324371,-0.0483747,0.133819,0.0270589,0.0164977,0.0703837,0.298284,-0.0394292,0.0135547,-0.0210456,-0.0255789,0.0183112,0.16806,0.991219,0.239706,-0.368848,-2.73598,4.52922,-0.518915,-3.0323,-3.15168,0.173731,0.961811,0.354057,0,0,0,0,0,0,0,0,0,0
25.6367,7.76888,0.284364,0.00975206,-0.00673606,0.334126,0.942454,-0.27646,0.952373,-1.74675,0.318707,0.804334,-2.07522,-0.247837,1.05329,-1.98659,0.283591,1.08745,-1.78417,1.32017,-2.20657,-3.00573,-3.27567,0.0324371,-0.0483747,0.133819,0.0270589,0.0164977,0.0703837,0.302196,-0.0391635,0.00784746,0.00314618,-0.029764,0.0219739,0.137056,1.00817,0.23772,-0.225642,-2.47831,3.99785,-0.58386,-3.32452,-2.67091,0.158362,0.987407,0.341562,0,0,0,0,0,0,0,0,0,0
25.6393,7.77048,0.28445,0.00983818,-0.00692023,0.334227,0.942416,-0.275088,0.962602,-1.74433,0.313615,0.777013,-2.01511,-0.252855,1.01447,-2.00183,0.285296,1.09768,-1.78103,1.32017,-2.20657,-3.00573,-3.27567,0.0324371,-0.0483747,0.133819,0.0270589,0.0164977,0.0703837,0.304696,-0.0400822,0.00320229,0.00413506,-0.0403261,0.021726,0.137198,1.02285,0.242055,-0.509208,-2.73211,6.01111,-0.501812,-3.88215,-1.52441,0.170525,1.02364,0.313083,0,0,0,0,0,0,0,0,0,0
25.6419,7.77211,0.284435,0.0100401,-0.0070894,0.334335,0.942374,-0.27402,0.973143,-1.74217,0.309922,0.75276,-1.96156,-0.258953,0.975435,-2.01459,0.286908,1.10834,-1.77828,1.32017,-2.20657,-3.00573,-3.27567,0.0324371,-0.0483747,0.133819,0.0270589,0.0164977,0.0703837,0.308394,-0.0403083,-0.00701709,0.0269896,-0.0452315,0.0231107,0.106818,1.05406,0.215711,-0.36934,-2.42528,5.35502,-0.609789,-3.90335,-1.27619,0.161201,1.06564,0.275216,0,0,0,0,0,0,0,0,0,0
25.6446,7.77377,0.284359,0.0104456,-0.00721545,0.334452,0.942327,-0.273419,0.983814,-1.73999,0.304771,0.728624,-1.89751,-0.262959,0.931926,-2.0054,0.288224,1.11941,-1.77592,1.32017,-2.20657,-3.00573,-3.27567,0.0324371,-0.0483747,0.133819,0.0270589,0.0164977,0.0703837,0.311605,-0.0399017,-0.0133834,0.0682488,-0.0506989,0.025009,0.060055,1.06712,0.217919,-0.5151,-2.41363,6.40473,-0.40065,-4.35086,0.918881,0.131528,1.10745,0.236494,0,0,0,0,0,0,0,0,0,0
25.6473,7.77545,0.28417,0.0110131,-0.00730747,0.334566,0.942279,-0.273228,0.994842,-1.73814,0.300766,0.707953,-1.841,-0.268084,0.890801,-1.99414,0.289347,1.13099,-1.77405,1.32017,-2.20657,-3.00573,-3.27567,0.0324371,-0.0483747,0.133819,0.0270589,0.0164977,0.0703837,0.315195,-0.0398856,-0.0248785,0.101069,-0.0551339,0.0240969,0.0190918,1.10284,0.184754,-0.400517,-2.06711,5.65116,-0.51244,-4.11253,1.12623,0.112284,1.15769,0.1868,0,0,0,0,0,0,0,0,0,0
25.65,7.77718,0.283923,0.0118932,-0.00727325,0.334697,0.942223,-0.273818,1.00595,-1.73627,0.296159,0.690414,-1.78329,-0.270584,0.847714,-1.95685,0.289847,1.14287,-1.77241,1.32017,-2.20657,-3.00573,-3.27567,0.0324371,-0.0483747,0.133819,0.0270589,0.0164977,0.0703837,0.319415,-0.0382603,-0.030915,0.168459,-0.0522352,0.0270801,-0.0589263,1.11101,0.187812,-0.460684,-1.75386,5.77135,-0.250083,-4.30874,3.72896,0.0500107,1.18827,0.164108,0,0,0,0,0,0,0,0,0,0
25.6528,7.77892,0.283602,0.0128307,-0.00723444,0.334781,0.942181,-0.274503,1.01728,-1.73453,0.291155,0.681246,-1.74274,-0.27383,0.809173,-1.91981,0.290269,1.15504,-1.77102,1.32017,-2.20657,-3.00573,-3.27567,0.0324371,-0.0483747,0.133819,0.0270589,0.0164977,0.0703837,0.321748,-0.0388386,-0.0384295,0.179492,-0.0553057,0.0170973,-0.0685385,1.13297,0.173898,-0.500367,-0.916798,4.05466,-0.324535,-3.85406,3.70457,0.0422183,1.21639,0.139006,0,0,0,0,0,0,0,0,0,0
25.6555,7.78066,0.283338,0.0138182,-0.00725413,0.334823,0.942152,-0.27515,1.02836,-1.73204,0.288657,0.68974,-1.73503,-0.273889,0.770976,-1.8583,0.290499,1.16711,-1.76919,1.32017,-2.20657,-3.00573,-3.27567,0.0324371,-0.0483747,0.133819,0.0270589,0.0164977,0.0703837,0.322454,-0.038275,-0.0328724,0.184891,-0.0697598,0.00851839,-0.0646778,1.10783,0.248435,-0.249796,0.849402,0.770846,-0.00588231,-3.81976,6.1511,0.0229924,1.20707,0.182831,0,0,0,0,0,0,0,0,0,0
25.6582,7.7824,0.283164,0.0147417,-0.00736331,0.334843,0.94213,-0.27548,1.03894,-1.72859,0.288204,0.703221,-1.73878,-0.272156,0.745127,-1.8077,0.290819,1.17881,-1.7667,1.32017,-2.20657,-3.00573,-3.27567,0.0324371,-0.0483747,0.133819,0.0270589,0.0164977,0.0703837,0.320788,-0.0385013,-0.0240768,0.166796,-0.0823926,0.00420107,-0.0329609,1.05802,0.344734,-0.0453734,1.34811,-0.374837,0.173278,-2.58486,5.05959,0.0320557,1.17007,0.24933,0,0,0,0,0,0,0,0,0,0
25.6609,7.78409,0.283136,0.015592,-0.00729161,0.334874,0.942106,-0.275818,1.04858,-1.72479,0.287646,0.716056,-1.74159,-0.269045,0.745601,-1.78494,0.290827,1.18891,-1.76283,1.32017,-2.20657,-3.00573,-3.27567,0.0324371,-0.0483747,0.133819,0.0270589,0.0164977,0.0703837,0.313329,-0.0369189,-0.00948339,0.165136,-0.0433773,0.00605881,-0.0338579,0.964364,0.380241,-0.0558075,1.28347,-0.280627,0.311063,0.0473796,2.27589,0.000813223,1.01013,0.386184,0,0,0,0,0,0,0,0,0,0
25.6635,7.78574,0.283323,0.0162673,-0.00701453,0.334886,0.942092,-0.275804,1.05677,-1.71992,0.287287,0.727877,-1.74385,-0.268313,0.75557,-1.78286,0.290532,1.19665,-1.75676,1.32017,-2.20657,-3.00573,-3.27567,0.0324371,-0.0483747,0.133819,0.0270589,0.0164977,0.0703837,0.306121,-0.0362161,0.0122369,0.145866,0.00699345,0.00124843,0.00137885,0.818608,0.487197,-0.0358735,1.18217,-0.226492,0.0731727,0.996946,0.207744,-0.0295857,0.773719,0.607893,0,0,0,0,0,0,0,0,0,0
25.6661,7.78737,0.283576,0.0168524,-0.00661362,0.334856,0.942095,-0.27586,1.06486,-1.7158,0.287033,0.739284,-1.74574,-0.267999,0.766305,-1.78242,0.28999,1.20359,-1.7502,1.32017,-2.20657,-3.00573,-3.27567,0.0324371,-0.0483747,0.133819,0.0270589,0.0164977,0.0703837,0.30253,-0.0341167,0.0190405,0.137036,0.0362603,-0.00797356,-0.00555859,0.809463,0.411641,-0.0254136,1.14066,-0.188778,0.0314883,1.07347,0.0441216,-0.0541895,0.694187,0.655695,0,0,0,0,0,0,0,0,0,0
25.6686,7.789,0.283914,0.0174399,-0.00600991,0.33481,0.942105,-0.275947,1.07168,-1.7105,0.286656,0.750166,-1.74772,-0.26784,0.776065,-1.78106,0.288881,1.20895,-1.74223,1.32017,-2.20657,-3.00573,-3.27567,0.0324371,-0.0483747,0.133819,0.0270589,0.0164977,0.0703837,0.298141,-0.0315887,0.0276767,0.151027,0.0742655,-0.0121583,-0.0087251,0.681095,0.530854,-0.0376725,1.08822,-0.197834,0.015871,0.97604,0.136368,-0.110881,0.536424,0.797372,0,0,0,0,0,0,0,0,0,0
25.6711,7.7906,0.2842,0.0174963,-0.00549819,0.334678,0.942154,-0.276881,1.08153,-1.72126,0.287508,0.760764,-1.74939,-0.26686,0.785892,-1.77999,0.2886,1.21407,-1.73435,1.32017,-2.20657,-3.00573,-3.27567,0.0324371,-0.0483747,0.133819,0.0270589,0.0164977,0.0703837,0.296191,-0.0327516,0.0228993,0.0445776,0.0922368,-0.0299174,-0.0933881,0.985495,-1.07597,0.0852042,1.05973,-0.166914,0.0979382,0.982629,0.106402,-0.0281,0.51175,0.787306,0,0,0,0,0,0,0,0,0,0
25.6736,7.79222,0.284433,0.0172675,-0.00507933,0.334474,0.942233,-0.276911,1.08729,-1.72879,0.289142,0.771503,-1.75145,-0.265501,0.795924,-1.77939,0.288597,1.21876,-1.72594,1.32017,-2.20657,-3.00573,-3.27567,0.0324371,-0.0483747,0.133819,0.0270589,0.0164977,0.0703837,0.296622,-0.031852,0.0178211,-0.0155839,0.0936148,-0.045019,-0.00297898,0.576034,-0.753866,0.16337,1.07393,-0.205988,0.135984,1.00321,0.0599907,-0.000249488,0.4687,0.8409,0,0,0,0,0,0,0,0,0,0
25.6761,7.79386,0.284593,0.0166862,-0.0047994,0.3342,0.942342,-0.278981,1.09504,-1.76676,0.291587,0.782324,-1.75344,-0.263689,0.806357,-1.77937,0.289106,1.22332,-1.7175,1.32017,-2.20657,-3.00573,-3.27567,0.0324371,-0.0483747,0.133819,0.0270589,0.0164977,0.0703837,0.29768,-0.0302141,0.0107432,-0.0914794,0.0908051,-0.0592675,-0.206981,0.774719,-3.79639,0.244519,1.08214,-0.199279,0.181151,1.0433,0.00262328,0.0508508,0.456235,0.84415,0,0,0,0,0,0,0,0,0,0
25.6786,7.79555,0.284706,0.0160456,-0.00470596,0.333858,0.942475,-0.280232,1.09718,-1.80441,0.294222,0.793541,-1.75521,-0.261972,0.817601,-1.77998,0.289671,1.22849,-1.70936,1.32017,-2.20657,-3.00573,-3.27567,0.0324371,-0.0483747,0.133819,0.0270589,0.0164977,0.0703837,0.302427,-0.0264767,0.00598932,-0.115257,0.0594144,-0.0730149,-0.125183,0.214492,-3.76572,0.263496,1.12163,-0.177124,0.17173,1.12441,-0.0608838,0.0565348,0.516729,0.814628,0,0,0,0,0,0,0,0,0,0
25.6811,7.7973,0.284785,0.0153142,-0.004688,0.333495,0.942616,-0.28212,1.09527,-1.85042,0.296937,0.804928,-1.75683,-0.260247,0.829107,-1.78075,0.290309,1.23357,-1.70101,1.32017,-2.20657,-3.00573,-3.27567,0.0324371,-0.0483747,0.133819,0.0270589,0.0164977,0.0703837,0.305831,-0.0221992,0.00259733,-0.137458,0.0511868,-0.0772948,-0.188755,-0.191196,-4.60009,0.271499,1.13879,-0.161922,0.172515,1.15065,-0.0768035,0.06377,0.508492,0.834739,0,0,0,0,0,0,0,0,0,0
25.6837,7.79913,0.284841,0.0146293,-0.00477231,0.333105,0.942764,-0.283455,1.08766,-1.88988,0.299455,0.816623,-1.75814,-0.258832,0.841212,-1.78182,0.290802,1.23922,-1.69297,1.32017,-2.20657,-3.00573,-3.27567,0.0324371,-0.0483747,0.133819,0.0270589,0.0164977,0.0703837,0.311386,-0.016979,0.000209744,-0.135555,0.0287299,-0.0825196,-0.133527,-0.760883,-3.94656,0.251834,1.16948,-0.131232,0.14148,1.21044,-0.107953,0.049338,0.56477,0.803531,0,0,0,0,0,0,0,0,0,0
25.6862,7.801,0.284867,0.0140183,-0.00488073,0.332741,0.942901,-0.285246,1.075,-1.92706,0.301634,0.828505,-1.75936,-0.257673,0.853466,-1.78288,0.291175,1.2454,-1.68584,1.32017,-2.20657,-3.00573,-3.27567,0.0324371,-0.0483747,0.133819,0.0270589,0.0164977,0.0703837,0.314248,-0.0121197,-0.00300079,-0.123189,0.0193338,-0.0768189,-0.179048,-1.26596,-3.71787,0.217927,1.18816,-0.121513,0.115875,1.22546,-0.10573,0.0372835,0.617631,0.713249,0,0,0,0,0,0,0,0,0,0
25.6887,7.80294,0.284856,0.013487,-0.00504594,0.332394,0.943031,-0.287198,1.05903,-1.95824,0.303514,0.840654,-1.76043,-0.256844,0.86618,-1.78425,0.291262,1.25167,-1.67863,1.32017,-2.20657,-3.00573,-3.27567,0.0324371,-0.0483747,0.133819,0.0270589,0.0164977,0.0703837,0.318192,-0.00755888,-0.00681887,-0.111877,0.00335165,-0.072991,-0.195262,-1.59709,-3.11768,0.187996,1.21495,-0.107296,0.0828733,1.27138,-0.136524,0.00866692,0.627865,0.720611,0,0,0,0,0,0,0,0,0,0
25.6912,7.80491,0.284785,0.0131159,-0.00527054,0.332096,0.94314,-0.289125,1.03864,-1.98336,0.304964,0.853024,-1.76144,-0.256373,0.879208,-1.78583,0.291821,1.26078,-1.68092,1.32017,-2.20657,-3.00573,-3.27567,0.0324371,-0.0483747,0.133819,0.0270589,0.0164977,0.0703837,0.318201,-0.00431091,-0.0129344,-0.0855207,-0.0183845,-0.0626043,-0.192619,-2.03952,-2.51192,0.144921,1.23696,-0.100736,0.0471248,1.30276,-0.158736,0.0558697,0.910287,-0.228616,0,0,0,0,0,0,0,0,0,0
25.6937,7.8069,0.284654,0.0127984,-0.00558819,0.331847,0.94323,-0.291365,1.01703,-2.00463,0.306248,0.865681,-1.76238,-0.256059,0.892768,-1.78794,0.291511,1.26775,-1.68284,1.32017,-2.20657,-3.00573,-3.27567,0.0324371,-0.0483747,0.133819,0.0270589,0.0164977,0.0703837,0.319883,-0.00232864,-0.0190841,-0.0814884,-0.0393873,-0.0518124,-0.22401,-2.16035,-2.12746,0.128461,1.26566,-0.0941537,0.0314109,1.35604,-0.210869,-0.0309541,0.696828,-0.191801,0,0,0,0,0,0,0,0,0,0
25.6962,7.80887,0.284496,0.0125494,-0.00592646,0.331641,0.943304,-0.292722,0.991109,-2.01658,0.307337,0.878233,-1.76314,-0.255849,0.906258,-1.78994,0.293745,1.2783,-1.70976,1.32017,-2.20657,-3.00573,-3.27567,0.0324371,-0.0483747,0.133819,0.0270589,0.0164977,0.0703837,0.316789,-0.00150914,-0.0218892,-0.0698369,-0.0477337,-0.0425121,-0.135736,-2.59242,-1.19453,0.108864,1.25527,-0.0759371,0.021004,1.349,-0.199251,0.223381,1.05587,-2.69254,0,0,0,0,0,0,0,0,0,0
25.6987,7.81085,0.284321,0.0121731,-0.00634416,0.331502,0.943355,-0.294469,0.965415,-2.02723,0.308654,0.890825,-1.76366,-0.255273,0.919924,-1.79206,0.295035,1.28191,-1.7338,1.32017,-2.20657,-3.00573,-3.27567,0.0324371,-0.0483747,0.133819,0.0270589,0.0164977,0.0703837,0.31808,-0.0025879,-0.0237307,-0.0990043,-0.0541283,-0.0281197,-0.17465,-2.56941,-1.06563,0.131753,1.25913,-0.0521543,0.0576401,1.36655,-0.212409,0.129032,0.360537,-2.40329,0,0,0,0,0,0,0,0,0,0
25.7012,7.81281,0.284172,0.0118247,-0.00673587,0.33142,0.943385,-0.294901,0.936236,-2.02616,0.309812,0.903101,-1.7638,-0.254636,0.933185,-1.79363,0.298147,1.28299,-1.77646,1.32017,-2.20657,-3.00573,-3.27567,0.0324371,-0.0483747,0.133819,0.0270589,0.0164977,0.0703837,0.315553,-0.0028915,-0.0212706,-0.0918826,-0.0509658,-0.0161909,-0.043219,-2.91793,0.107714,0.115734,1.22769,-0.0136149,0.06366,1.32613,-0.156711,0.311212,0.108138,-4.26623,0,0,0,0,0,0,0,0,0,0
25.7037,7.81475,0.284054,0.0112959,-0.00714355,0.331407,0.943393,-0.295712,0.908374,-2.02437,0.311268,0.915185,-1.76356,-0.253453,0.946208,-1.79483,0.300848,1.27573,-1.81335,1.32017,-2.20657,-3.00573,-3.27567,0.0324371,-0.0483747,0.133819,0.0270589,0.0164977,0.0703837,0.317124,-0.00494042,-0.0182868,-0.12682,-0.0418926,-0.00121995,-0.0811356,-2.78615,0.178895,0.145593,1.20836,0.0240495,0.11827,1.30227,-0.119921,0.270114,-0.726248,-3.68866,0,0,0,0,0,0,0,0,0,0
25.7062,7.81671,0.283994,0.0108478,-0.00751483,0.331456,0.943378,-0.295196,0.878407,-2.00656,0.312391,0.926968,-1.76275,-0.252318,0.958854,-1.79534,0.303336,1.26093,-1.85251,1.32017,-2.20657,-3.00573,-3.27567,0.0324371,-0.0483747,0.133819,0.0270589,0.0164977,0.0703837,0.317285,-0.00438256,-0.0126322,-0.109049,-0.0402653,0.0116228,0.0515681,-2.99668,1.78071,0.112334,1.17826,0.080659,0.113578,1.26462,-0.0512456,0.248791,-1.4796,-3.91677,0,0,0,0,0,0,0,0,0,0
25.7087,7.81866,0.28397,0.0102771,-0.00788428,0.331559,0.943345,-0.295362,0.851387,-1.98975,0.31369,0.938563,-1.76155,-0.250776,0.971215,-1.79534,0.305802,1.23949,-1.88557,1.32017,-2.20657,-3.00573,-3.27567,0.0324371,-0.0483747,0.133819,0.0270589,0.0164977,0.0703837,0.319726,-0.00570877,-0.00925823,-0.131953,-0.0316939,0.0234079,-0.0166053,-2.70201,1.68049,0.129934,1.15957,0.119996,0.154181,1.23614,-0.000460747,0.246613,-2.14473,-3.30563,0,0,0,0,0,0,0,0,0,0
25.7112,7.82064,0.283989,0.0098203,-0.0082271,0.331708,0.943295,-0.294233,0.823465,-1.95678,0.314615,0.949963,-1.75985,-0.249406,0.983373,-1.79484,0.307157,1.21038,-1.91477,1.32017,-2.20657,-3.00573,-3.27567,0.0324371,-0.0483747,0.133819,0.0270589,0.0164977,0.0703837,0.321166,-0.00445889,-0.00503604,-0.108574,-0.0341644,0.0327022,0.112985,-2.79227,3.29769,0.0925064,1.14,0.169537,0.136953,1.21577,0.0507189,0.135461,-2.91097,-2.91971,0,0,0,0,0,0,0,0,0,0
25.7138,7.82263,0.284017,0.00934138,-0.00855824,0.33189,0.943233,-0.294093,0.799255,-1.92672,0.315529,0.961292,-1.7579,-0.247926,0.995374,-1.79394,0.308422,1.17719,-1.93965,1.32017,-2.20657,-3.00573,-3.27567,0.0324371,-0.0483747,0.133819,0.0270589,0.0164977,0.0703837,0.324022,-0.00436395,-0.00433056,-0.111899,-0.0304441,0.0399327,0.0139778,-2.42094,3.00546,0.0913772,1.13291,0.195302,0.147989,1.2001,0.0892366,0.126534,-3.31901,-2.48811,0,0,0,0,0,0,0,0,0,0
25.7164,7.82465,0.284063,0.00895106,-0.00886016,0.332099,0.94316,-0.292714,0.774672,-1.88219,0.316169,0.972511,-1.75565,-0.246624,1.00725,-1.79271,0.307359,1.13691,-1.95338,1.32017,-2.20657,-3.00573,-3.27567,0.0324371,-0.0483747,0.133819,0.0270589,0.0164977,0.0703837,0.326054,-0.00292412,-0.00275967,-0.0931793,-0.0307821,0.0455502,0.13784,-2.45828,4.45342,0.0639822,1.12189,0.225513,0.130193,1.18804,0.123325,-0.106377,-4.02745,-1.37296,0,0,0,0,0,0,0,0,0,0
25.7189,7.8267,0.284081,0.00859922,-0.00913586,0.33233,0.94308,-0.292345,0.753729,-1.84191,0.316702,0.983774,-1.75335,-0.245413,1.01908,-1.79127,0.306305,1.09554,-1.96501,1.32017,-2.20657,-3.00573,-3.27567,0.0324371,-0.0483747,0.133819,0.0270589,0.0164977,0.0703837,0.328727,-0.00194922,-0.0055937,-0.0841267,-0.0283663,0.0500385,0.0369174,-2.0943,4.02828,0.05334,1.12625,0.229605,0.121167,1.18277,0.143844,-0.105337,-4.1375,-1.1629,0,0,0,0,0,0,0,0,0,0
25.7215,7.82877,0.284088,0.00823932,-0.00939718,0.332581,0.942992,-0.291114,0.734156,-1.79448,0.317214,0.995031,-1.75093,-0.244195,1.0309,-1.78968,0.301722,1.04896,-1.95603,1.32017,-2.20657,-3.00573,-3.27567,0.0324371,-0.0483747,0.133819,0.0270589,0.0164977,0.0703837,0.331929,-0.00107745,-0.00702783,-0.0846433,-0.0250958,0.0542209,0.123097,-1.95732,4.74283,0.0511883,1.12571,0.242083,0.121761,1.18141,0.158921,-0.458309,-4.65712,0.89747,0,0,0,0,0,0,0,0,0,0
25.7241,7.83088,0.284044,0.00799738,-0.00962531,0.332869,0.94289,-0.290204,0.719339,-1.75484,0.317447,1.00645,-1.74859,-0.243241,1.04276,-1.78802,0.296956,1.00452,-1.94513,1.32017,-2.20657,-3.00573,-3.27567,0.0324371,-0.0483747,0.133819,0.0270589,0.0164977,0.0703837,0.334622,0.000668363,-0.0122295,-0.0600937,-0.0266485,0.0620436,0.0910674,-1.48167,3.96422,0.0232875,1.14203,0.234073,0.0953929,1.18674,0.166187,-0.476599,-4.44424,1.09,0,0,0,0,0,0,0,0,0,0
25.7267,7.83301,0.283976,0.00785561,-0.00984194,0.333213,0.942767,-0.287689,0.719023,-1.73319,0.317431,1.01797,-1.74622,-0.242436,1.0547,-1.78635,0.287795,0.95806,-1.90773,1.32017,-2.20657,-3.00573,-3.27567,0.0324371,-0.0483747,0.133819,0.0270589,0.0164977,0.0703837,0.336213,0.00170416,-0.0147201,-0.0402977,-0.0310996,0.0736154,0.251439,-0.0316788,2.16416,-0.00162752,1.15208,0.236429,0.0805481,1.19396,0.167593,-0.916124,-4.64628,3.74005,0,0,0,0,0,0,0,0,0,0
25.7294,7.83515,0.28387,0.00775853,-0.0101036,0.333575,0.942637,-0.287321,0.729704,-1.73359,0.317364,1.02952,-1.7436,-0.241674,1.0668,-1.78464,0.279253,0.918424,-1.87194,1.32017,-2.20657,-3.00573,-3.27567,0.0324371,-0.0483747,0.133819,0.0270589,0.0164977,0.0703837,0.337756,0.00153464,-0.0187535,-0.0348229,-0.042546,0.0775016,0.0367854,1.06817,-0.0392789,-0.00671365,1.1547,0.262344,0.0762113,1.20919,0.170538,-0.854188,-3.96357,3.57928,0,0,0,0,0,0,0,0,0,0
25.732,7.83725,0.283762,0.00754287,-0.0102377,0.333887,0.942527,-0.286766,0.741785,-1.73443,0.317638,1.04083,-1.74147,-0.24075,1.07824,-1.7826,0.272029,0.898112,-1.83456,1.32017,-2.20657,-3.00573,-3.27567,0.0324371,-0.0483747,0.133819,0.0270589,0.0164977,0.0703837,0.333803,0.000306185,-0.0188747,-0.048808,-0.0106433,0.0667234,0.0555002,1.20807,-0.0840912,0.027422,1.13064,0.21334,0.0923332,1.1442,0.204305,-0.722403,-2.03123,3.73792,0,0,0,0,0,0,0,0,0,0
25.7345,7.83931,0.283717,0.00731888,-0.0102304,0.334173,0.942428,-0.286604,0.754175,-1.73697,0.317833,1.05128,-1.73876,-0.239748,1.08846,-1.77937,0.269602,0.89975,-1.81896,1.32017,-2.20657,-3.00573,-3.27567,0.0324371,-0.0483747,0.133819,0.0270589,0.0164977,0.0703837,0.328124,-0.000820186,-0.0124336,-0.0410001,0.0165611,0.0610244,0.0162331,1.23895,-0.254293,0.0195427,1.0456,0.270194,0.100259,1.02213,0.32286,-0.24274,0.163805,1.55958,0,0,0,0,0,0,0,0,0,0
25.737,7.84131,0.283698,0.00696325,-0.00999464,0.334401,0.942352,-0.286349,0.766144,-1.73974,0.318469,1.06177,-1.73794,-0.238527,1.09765,-1.77578,0.269557,0.908819,-1.81408,1.32017,-2.20657,-3.00573,-3.27567,0.0324371,-0.0483747,0.133819,0.0270589,0.0164977,0.0703837,0.32099,-0.00329916,-0.00957404,-0.0506949,0.0683877,0.0485912,0.0254675,1.19698,-0.276877,0.0635843,1.04912,0.0826607,0.122079,0.919664,0.359295,-0.00443476,0.906967,0.488291,0,0,0,0,0,0,0,0,0,0
25.7395,7.84324,0.283721,0.00636718,-0.00956018,0.33455,0.942308,-0.285765,0.777839,-1.74361,0.319349,1.07065,-1.73576,-0.236809,1.10521,-1.77077,0.270417,0.918682,-1.81251,1.32017,-2.20657,-3.00573,-3.27567,0.0324371,-0.0483747,0.133819,0.0270589,0.0164977,0.0703837,0.314149,-0.00631225,-0.0048299,-0.0829276,0.121866,0.0314399,0.0584017,1.16947,-0.387157,0.0880191,0.888188,0.217461,0.171802,0.755161,0.500429,0.0860205,0.986255,0.156791,0,0,0,0,0,0,0,0,0,0
25.7419,7.84514,0.283714,0.00613031,-0.00899108,0.334703,0.942261,-0.285903,0.78913,-1.74676,0.321529,1.0834,-1.76074,-0.235704,1.11277,-1.7663,0.270673,0.9285,-1.81091,1.32017,-2.20657,-3.00573,-3.27567,0.0324371,-0.0483747,0.133819,0.0270589,0.0164977,0.0703837,0.308556,-0.00697784,-0.00738385,-0.00620802,0.123207,0.0317955,-0.0137824,1.12913,-0.315126,0.217976,1.27482,-2.498,0.110453,0.756598,0.446646,0.0255746,0.981855,0.160248,0,0,0,0,0,0,0,0,0,0
25.7444,7.84699,0.283702,0.00603057,-0.00844029,0.334847,0.942215,-0.286204,0.800544,-1.75001,0.321309,1.08959,-1.78243,-0.234621,1.11986,-1.761,0.270856,0.938463,-1.80958,1.32017,-2.20657,-3.00573,-3.27567,0.0324371,-0.0483747,0.133819,0.0270589,0.0164977,0.0703837,0.306165,-0.0100385,-0.00735498,0.0183891,0.11057,0.0297202,-0.0300402,1.14141,-0.325017,-0.0220161,0.618343,-2.16825,0.108381,0.708337,0.530367,0.0183012,0.996222,0.133372,0,0,0,0,0,0,0,0,0,0
25.7468,7.84881,0.283696,0.00614002,-0.00782535,0.33499,0.942169,-0.286795,0.811735,-1.75276,0.323638,1.09717,-1.84032,-0.233819,1.12655,-1.7554,0.270734,0.948254,-1.80799,1.32017,-2.20657,-3.00573,-3.27567,0.0324371,-0.0483747,0.133819,0.0270589,0.0164977,0.0703837,0.303697,-0.0128838,-0.00642698,0.0621046,0.108645,0.0291494,-0.059127,1.11906,-0.275109,0.232938,0.758191,-5.78972,0.0801052,0.669822,0.560234,-0.0122446,0.979154,0.158623,0,0,0,0,0,0,0,0,0,0
25.7493,7.8506,0.283742,0.00628594,-0.00739866,0.335136,0.94212,-0.28704,0.823018,-1.7546,0.323895,1.09576,-1.89143,-0.232801,1.13361,-1.74974,0.270902,0.958576,-1.80653,1.32017,-2.20657,-3.00573,-3.27567,0.0324371,-0.0483747,0.133819,0.0270589,0.0164977,0.0703837,0.305996,-0.0176739,-0.000974386,0.0563709,0.0707278,0.0299625,-0.0245168,1.1283,-0.184062,0.0256116,-0.140981,-5.11072,0.10189,0.705252,0.5654,0.0168391,1.03213,0.146008,0,0,0,0,0,0,0,0,0,0
