0.723646,3.06749,19.4414,-1.08481,-2.91304,9.95469,2.47458,4.78368,68.4331,-0.832023,-1.44446,60.6217
0.721742,3.06965,19.4547,-1.08446,-2.91209,9.95422,2.47707,4.7765,68.4055,-0.830363,-1.43957,60.5996
0.72107,3.07066,19.4542,-1.08338,-2.90935,9.94413,2.48127,4.76769,68.3715,-0.827771,-1.43244,60.5707
0.718141,3.07342,19.477,-1.08397,-2.91062,9.95454,2.47873,4.76547,68.3643,-0.829428,-1.43382,60.5701
0.716772,3.07515,19.487,-1.08365,-2.90989,9.95506,2.47852,4.76122,68.35,-0.829772,-1.43196,60.5609
0.716223,3.07581,19.4837,-1.08267,-2.90755,9.94666,2.47993,4.75442,68.3248,-0.82893,-1.42786,60.5417
0.713795,3.078,19.5016,-1.08328,-2.90865,9.95571,2.4765,4.75369,68.3238,-0.831515,-1.4301,60.5462
0.712585,3.07933,19.508,-1.08305,-2.90807,9.95634,2.47505,4.75045,68.3134,-0.832747,-1.42954,60.5412
0.711124,3.08073,19.5139,-1.08282,-2.90737,9.95673,2.47311,4.74659,68.3006,-0.834338,-1.42904,60.535
0.710093,3.08155,19.5169,-1.08271,-2.90694,9.95689,2.47171,4.744,68.2916,-0.835453,-1.42886,60.5308
0.708841,3.08249,19.5206,-1.0827,-2.90653,9.95728,2.47023,4.74135,68.2822,-0.836882,-1.42855,60.5267
0.707921,3.08363,19.5237,-1.08226,-2.90587,9.95796,2.46764,4.73751,68.2706,-0.838461,-1.42861,60.5212
0.706999,3.08453,19.5269,-1.08216,-2.90543,9.95851,2.46618,4.735,68.2626,-0.839901,-1.42815,60.5179
0.13121,1.73001,6.04953,-0.731872,-0.719241,2.73084,11.8934,6.89815,77.2154,8.77716,-4.3041,68.9443
-0.0956917,0.605009,2.29255,-0.40806,-0.365165,1.40905,16.0656,9.70151,85.7946,15.1253,-6.85799,76.6284
0.0718303,0.636472,2.09123,-0.28314,-0.309772,1.10239,16.4254,10.6996,88.4347,14.876,-8.67335,79.0288
0.23871,0.801401,2.26272,-0.194213,-0.27152,0.922934,16.3026,11.2937,90.1661,13.8035,-10.1363,80.6161
0.557377,1.33802,3.18479,-0.161796,-0.304531,0.929668,13.9633,11.5008,89.8798,11.3088,-10.4802,80.0954
0.860819,2.15282,4.52418,-0.177261,-0.437235,1.12719,12.6921,11.7628,90.0817,9.76621,-10.8236,80.1271
0.0466552,3.37082,19.5963,-1.30437,-2.42665,9.5741,1.47269,2.65857,65.8615,-0.973717,-2.54946,60.5309
-1.76512,4.67737,37.4664,-2.95443,-5.29912,26.0749,2.19244,2.92854,65.1208,-0.662906,-3.02954,61.0003
-0.929877,3.97702,29.811,-2.39843,-4.51942,21.8662,1.98811,3.00562,65.7623,-0.724515,-2.80978,60.7747
-0.762628,3.99252,28.6727,-2.15885,-4.1652,19.1472,1.98338,3.09319,65.9146,-0.749236,-2.69524,60.7979
-0.736858,4.01635,28.7353,-2.14159,-4.17159,18.8757,2.01871,3.19092,66.0415,-0.739234,-2.63359,60.8103
-0.707526,4.00829,28.7003,-2.14327,-4.20744,18.9755,2.04969,3.27794,66.1671,-0.727895,-2.58609,60.8191
-0.674494,3.99752,28.6098,-2.12755,-4.21789,18.9819,2.07628,3.35659,66.2908,-0.719386,-2.54382,60.8341
-0.642133,3.98802,28.5064,-2.10515,-4.22212,18.9375,2.10208,3.43107,66.4138,-0.712169,-2.50553,60.8575
-0.610523,3.98717,28.3961,-2.09255,-4.22331,18.8039,2.12761,3.50635,66.5332,-0.70678,-2.46662,60.8929
-0.578829,4.00919,28.2826,-2.10939,-4.20448,18.4294,2.154,3.59265,66.655,-0.705005,-2.41955,60.9523
-0.547458,4.04727,28.1061,-2.15515,-4.14992,17.8004,2.18188,3.68567,66.7829,-0.707336,-2.36668,61.0339
-0.515153,4.03532,27.755,-2.16932,-4.08096,17.3901,2.22454,3.76509,66.9409,-0.702319,-2.337,61.1169
-0.460272,3.87214,27.6272,-2.05743,-4.03198,18.1348,2.33511,3.82759,67.1517,-0.646264,-2.36689,61.1817
-0.40223,2.65684,13.7919,-2.08188,-1.90288,7.53136,11.9305,6.05784,76.0827,9.05401,-5.11862,69.6392
0.00687675,1.55363,6.27962,-0.992266,-0.849686,2.94929,16.3798,8.58098,84.0458,15.558,-7.3386,76.9303
0.502552,1.49294,4.69764,-0.381985,-0.394563,1.45051,16.9759,9.20439,86.0187,15.4202,-8.81799,78.8059
0.880264,1.91296,4.77819,-0.188511,-0.252921,0.9691,16.9603,9.45449,87.3415,14.3785,-10.0375,80.0548
1.13161,2.68441,5.75802,-0.126608,-0.239317,0.861456,14.6226,9.3805,86.9807,11.8997,-10.2514,79.4185
0.59401,2.87725,5.83331,-0.134916,-0.358675,1.03894,13.2874,9.48794,87.4188,10.3815,-10.601,79.5346
0.030551,3.35185,19.6356,-1.30626,-2.40208,9.64463,1.44797,2.63402,65.8865,-0.985689,-2.63705,60.6356
-1.77287,4.64222,37.4715,-2.91344,-5.31421,26.3776,2.17405,2.89047,65.1439,-0.668245,-3.12399,61.0886
-0.93468,3.94176,29.799,-2.36811,-4.54223,22.0231,1.97533,2.97195,65.7652,-0.736153,-2.88522,60.8554
-0.766629,3.95106,28.6547,-2.13664,-4.2,19.3011,1.97489,3.0574,65.9037,-0.762855,-2.76206,60.8689
-0.740091,3.96887,28.7071,-2.12038,-4.21545,19.0415,2.01245,3.14985,66.0195,-0.753339,-2.69493,60.8692
-0.710389,3.95794,28.6645,-2.12398,-4.25683,19.1297,2.0445,3.23222,66.1333,-0.743093,-2.6408,60.8662
-0.677506,3.94872,28.5721,-2.11512,-4.26852,19.0887,2.07108,3.30765,66.244,-0.736813,-2.58984,60.8706
-0.645617,3.94268,28.4687,-2.10203,-4.26866,18.9774,2.0963,3.37902,66.354,-0.732498,-2.54219,60.8835
-0.614244,3.93597,28.3434,-2.08823,-4.26625,18.8488,2.12287,3.44672,66.4634,-0.72861,-2.49858,60.9041
-0.581616,3.92749,28.1858,-2.07373,-4.26081,18.6976,2.15525,3.51556,66.5821,-0.723528,-2.45842,60.9384
-0.547042,3.92403,27.9948,-2.06664,-4.24342,18.4519,2.19407,3.58781,66.7075,-0.717606,-2.41785,60.9898
-0.51112,3.93585,27.7497,-2.08277,-4.19667,17.9845,2.23867,3.66903,66.8406,-0.71248,-2.37177,61.0663
-0.474736,3.9154,27.3423,-2.06691,-4.13956,17.5993,2.30184,3.74912,67.0067,-0.698759,-2.33447,61.1582
-0.618135,2.89492,12.0112,-1.81589,-1.86676,6.51629,11.7893,5.88167,75.9771,8.88944,-5.07328,69.5563
-0.403293,1.34954,5.01164,-0.73635,-0.681464,2.45993,16.2797,8.44381,84.0256,15.4113,-7.35689,76.8104
0.0397428,1.14428,3.66372,-0.309795,-0.334523,1.29635,16.9552,9.1733,86.0024,15.3532,-8.82914,78.7318
0.465167,1.7172,4.18409,-0.162851,-0.224978,0.903428,16.9841,9.45464,87.323,14.3408,-10.0412,80.0026
1.02093,3.3042,6.49921,-0.11293,-0.217319,0.816138,14.6894,9.35844,86.9739,11.8693,-10.2748,79.3447
0.544336,3.93747,7.33024,-0.122123,-0.324247,0.979034,13.3395,9.41445,87.4124,10.3219,-10.6459,79.3997
0.0190597,3.37077,19.6471,-1.31392,-2.38408,9.61928,1.43,2.63584,65.8757,-0.992983,-2.61676,60.6011
-1.78356,4.65717,37.478,-2.9231,-5.2876,26.3289,2.15853,2.89281,65.1336,-0.674708,-3.10519,61.056
-0.943919,3.95326,29.7978,-2.3767,-4.52363,21.9934,1.96136,2.97309,65.755,-0.741988,-2.8668,60.824
-0.774919,3.96098,28.6479,-2.14435,-4.18303,19.267,1.96207,3.0578,65.8933,-0.768102,-2.74361,60.8389
-0.747463,3.97715,28.6943,-2.12759,-4.19987,19.0046,2.00057,3.14962,66.0086,-0.757867,-2.67652,60.8404
-0.716889,3.96465,28.6456,-2.13083,-4.24277,19.0919,2.03338,3.23131,66.1221,-0.746792,-2.62246,60.8386
-0.683162,3.95401,28.5465,-2.1216,-4.25569,19.0493,2.06059,3.30601,66.2323,-0.739584,-2.57153,60.8443
-0.650423,3.94663,28.4355,-2.10807,-4.25682,18.9355,2.08645,3.37664,66.342,-0.734205,-2.5239,60.8585
-0.618147,3.93855,28.3016,-2.09362,-4.2554,18.8042,2.11375,3.44361,66.4514,-0.729054,-2.48032,60.8805
-0.584513,3.92901,28.1346,-2.07864,-4.25077,18.6467,2.14702,3.51191,66.5703,-0.722522,-2.44002,60.9167
-0.549113,3.92593,27.9315,-2.07296,-4.23258,18.3783,2.18656,3.58421,66.696,-0.715341,-2.39858,60.9711
-0.513698,3.93752,27.6554,-2.09221,-4.18329,17.8736,2.23133,3.66526,66.8305,-0.709451,-2.35149,61.0512
-0.474006,3.89819,27.2341,-2.0616,-4.1287,17.5908,2.30084,3.7408,67.0031,-0.689161,-2.3209,61.1415
-0.550311,2.78742,12.2898,-1.81075,-1.87966,6.79555,11.8221,5.87509,75.9745,8.93312,-5.07372,69.5364
-0.166604,1.40964,5.54237,-0.836427,-0.76062,2.67511,16.3265,8.47022,83.9885,15.4817,-7.32403,76.8239
0.295853,1.36211,4.29468,-0.350204,-0.373403,1.39172,16.9757,9.16629,85.9874,15.3826,-8.80678,78.721
0.68724,1.99678,4.81067,-0.182246,-0.248762,0.958683,16.9997,9.44572,87.3306,14.354,-10.03,79.9856
1.06309,3.46683,6.87604,-0.126493,-0.240798,0.865059,14.7215,9.36714,86.9942,11.8883,-10.2643,79.3405
0.559202,4.46231,8.09342,-0.13811,-0.366916,1.05152,13.4196,9.40289,87.4283,10.3603,-10.6508,79.3758
0.0278759,3.35962,19.6512,-1.3077,-2.40107,9.64917,1.44267,2.62937,65.8745,-0.987372,-2.63493,60.6268
-1.77569,4.64598,37.4821,-2.91487,-5.31047,26.3839,2.17031,2.88562,65.1318,-0.669165,-3.12275,61.0796
-0.936643,3.9443,29.8015,-2.36911,-4.53952,22.0208,1.97212,2.96589,65.7525,-0.737021,-2.883,60.8458
-0.76824,3.95244,28.6524,-2.13775,-4.19816,19.2967,1.97227,3.05048,65.8902,-0.763504,-2.759,60.8587
-0.741313,3.969,28.6993,-2.12148,-4.21398,19.0343,2.01034,3.14213,66.0049,-0.753756,-2.69107,60.8583
-0.711231,3.95689,28.6512,-2.12506,-4.25559,19.1193,2.04285,3.22365,66.1177,-0.743264,-2.63615,60.8546
-0.677969,3.94651,28.5532,-2.11621,-4.26742,19.0748,2.06988,3.29817,66.2272,-0.736702,-2.5844,60.8583
-0.645674,3.93928,28.4435,-2.1031,-4.26765,18.9597,2.09565,3.36859,66.3361,-0.732038,-2.53598,60.8706
-0.61384,3.93131,28.3113,-2.08915,-4.26541,18.8271,2.12294,3.43533,66.4446,-0.727693,-2.49161,60.8907
-0.580662,3.92162,28.1459,-2.07447,-4.26022,18.6701,2.15625,3.50327,66.5624,-0.722033,-2.45063,60.9248
-0.545569,3.91745,27.9451,-2.0678,-4.24251,18.4113,2.19612,3.57486,66.6871,-0.715567,-2.40893,60.9765
-0.509698,3.92829,27.681,-2.08528,-4.19425,17.9222,2.24169,3.65538,66.8201,-0.710111,-2.3616,61.0538
-0.471652,3.89744,27.2637,-2.0649,-4.13537,17.5786,2.30917,3.73278,66.9887,-0.69314,-2.32696,61.1443
-0.593115,2.81636,12.0989,-1.82561,-1.86238,6.64793,11.8154,5.86458,75.9602,8.9119,-5.07462,69.5397
-0.331541,1.34122,5.16317,-0.789433,-0.715935,2.5597,16.3116,8.44385,83.9935,15.4448,-7.34075,76.811
0.111336,1.18828,3.83294,-0.328778,-0.349658,1.33578,16.9769,9.16065,85.9828,15.3664,-8.81527,78.7217
0.523298,1.793,4.37695,-0.171306,-0.233592,0.92479,17.0136,9.44771,87.3157,14.3518,-10.031,79.994
1.03093,3.49087,6.84703,-0.118259,-0.225415,0.834121,14.7462,9.36065,86.9737,11.8921,-10.27,79.3418
0.549979,4.70789,8.40235,-0.127503,-0.340211,1.00508,13.4449,9.37341,87.4207,10.3579,-10.6732,79.3557
0.0224241,3.36725,19.6519,-1.3115,-2.39174,9.63423,1.43452,2.63196,65.873,-0.990873,-2.62502,60.6116
-1.78068,4.65278,37.482,-2.91978,-5.29732,26.3557,2.16294,2.88852,65.1306,-0.672504,-3.11337,61.0655
-0.941127,3.94964,29.8001,-2.37356,-4.53037,22.0056,1.96544,2.96855,65.7515,-0.740047,-2.87414,60.8325
-0.772324,3.95729,28.6496,-2.1417,-4.18965,19.28,1.96603,3.05303,65.8892,-0.766298,-2.75039,60.8463
-0.745027,3.97336,28.6951,-2.12517,-4.20614,19.0172,2.00445,3.14462,66.0041,-0.756254,-2.68273,60.8468
-0.714598,3.96077,28.6457,-2.12856,-4.24855,19.1029,2.03722,3.22606,66.1169,-0.745416,-2.62809,60.8439
-0.681005,3.94998,28.546,-2.11949,-4.26107,19.0589,2.06446,3.30051,66.2266,-0.738475,-2.5766,60.8485
-0.648388,3.94241,28.4345,-2.10616,-4.26189,18.9439,2.09039,3.37086,66.3356,-0.733392,-2.52841,60.8617
-0.616225,3.93409,28.3001,-2.09192,-4.26018,18.8113,2.11783,3.43754,66.4443,-0.72857,-2.48428,60.8826
-0.582694,3.92416,28.1324,-2.07707,-4.2554,18.6533,2.15131,3.5055,66.5625,-0.722386,-2.44347,60.9177
-0.547311,3.92028,27.9287,-2.07096,-4.23752,18.3881,2.19124,3.57733,66.6875,-0.715474,-2.40168,60.9708
-0.5116,3.93125,27.6556,-2.0896,-4.18878,17.888,2.23663,3.65803,66.8211,-0.709753,-2.35418,61.0496
-0.472605,3.89537,27.2322,-2.06384,-4.13225,17.5739,2.30552,3.73432,66.9919,-0.690964,-2.32144,61.1401
-0.567113,2.79895,12.1993,-1.81512,-1.87299,6.72338,11.8211,5.86719,75.9627,8.92407,-5.0711,69.535
-0.226944,1.38483,5.39715,-0.813679,-0.740421,2.62198,16.3249,8.45561,83.984,15.4679,-7.32777,76.8155
0.231514,1.30341,4.13519,-0.340945,-0.363506,1.36805,16.9827,9.1605,85.9803,15.3784,-8.80812,78.718
0.634642,1.94242,4.69055,-0.177847,-0.242712,0.945111,17.0135,9.44472,87.3226,14.3554,-10.0295,79.9865
1.05512,3.52098,6.95086,-0.1233,-0.234744,0.853018,14.7432,9.36591,86.9865,11.8937,-10.2663,79.3408
0.557772,4.72343,8.45032,-0.133941,-0.356707,1.03337,13.4521,9.38379,87.4281,10.3659,-10.6659,79.3592
0.026304,3.36269,19.6527,-1.30882,-2.39799,9.64468,1.44007,2.63023,65.8738,-0.988292,-2.6314,60.6212
-1.77717,4.64856,37.4831,-2.9163,-5.30594,26.3752,2.16803,2.88654,65.1311,-0.670014,-3.1194,61.0743
-0.937939,3.94633,29.8015,-2.37042,-4.53631,22.0157,1.97007,2.96659,65.7516,-0.73779,-2.87974,60.8407
-0.769411,3.95424,28.6516,-2.13893,-4.1952,19.2909,1.97038,3.05103,65.8891,-0.764203,-2.75577,60.8538
-0.742366,3.97055,28.6976,-2.1226,-4.21124,19.0282,2.00858,3.14254,66.0037,-0.754358,-2.68787,60.8536
-0.712173,3.9582,28.6487,-2.12613,-4.25311,19.1131,2.04119,3.22391,66.1163,-0.74375,-2.63298,60.85
-0.678803,3.94761,28.5497,-2.11722,-4.26516,19.0686,2.0683,3.29828,66.2257,-0.737054,-2.58126,60.854
-0.6464,3.9402,28.439,-2.10406,-4.26557,18.9532,2.09416,3.36856,66.3344,-0.732236,-2.53286,60.8664
-0.614451,3.93203,28.3056,-2.09001,-4.26349,18.8203,2.12153,3.43515,66.4428,-0.727707,-2.48852,60.8867
-0.581145,3.92218,28.1389,-2.0753,-4.25841,18.6626,2.15495,3.50297,66.5606,-0.721837,-2.44754,60.921
-0.545942,3.91811,27.9366,-2.06892,-4.24053,18.4004,2.19489,3.57454,66.6852,-0.715191,-2.40572,60.9732
-0.510114,3.92905,27.6688,-2.08701,-4.19187,17.9057,2.24045,3.65504,66.8181,-0.709617,-2.35822,61.051
-0.471705,3.89587,27.248,-2.0643,-4.1339,17.5749,2.30862,3.73175,66.9876,-0.69185,-2.3244,61.1413
-0.584427,2.80655,12.1261,-1.82185,-1.86721,6.68163,11.8186,5.8631,75.9592,8.91718,-5.07345,69.5358
-0.298504,1.35066,5.23368,-0.800956,-0.727031,2.58793,16.3177,8.44648,83.9879,15.4545,-7.33587,76.8111
0.14788,1.22124,3.92577,-0.334393,-0.355768,1.3502,16.9804,9.1598,85.9797,15.372,-8.81196,78.7195
0.556783,1.83929,4.4777,-0.174318,-0.237621,0.933931,17.0154,9.44668,87.3167,14.3543,-10.0297,79.9911
1.03728,3.51026,6.89979,-0.120568,-0.229563,0.842701,14.7485,9.36302,86.9775,11.8944,-10.2683,79.3415
0.551998,4.76557,8.49256,-0.130447,-0.347812,1.01814,13.4538,9.37443,87.4234,10.3629,-10.6726,79.3539
0.0239027,3.36557,19.6526,-1.31044,-2.39444,9.63885,1.43661,2.63096,65.8728,-0.989889,-2.62776,60.6155
-1.77936,4.65109,37.4827,-2.9184,-5.30089,26.3642,2.16489,2.88741,65.1303,-0.671537,-3.11601,61.069
-0.93991,3.94831,29.8007,-2.3723,-4.53283,22.0098,1.96721,2.96743,65.7511,-0.739174,-2.87657,60.8358
-0.771207,3.95603,28.6503,-2.1406,-4.19198,19.2845,1.9677,3.0519,65.8887,-0.765484,-2.75271,60.8493
-0.743999,3.97217,28.696,-2.12415,-4.2083,19.0217,2.00604,3.14345,66.0035,-0.755516,-2.68493,60.8495
-0.713654,3.95965,28.6466,-2.12759,-4.2505,19.107,2.03876,3.22487,66.1162,-0.744768,-2.63016,60.8463
-0.68014,3.94892,28.5471,-2.11859,-4.26283,19.0627,2.06596,3.29928,66.2258,-0.737922,-2.57855,60.8506
-0.647597,3.94138,28.4358,-2.10533,-4.26349,18.9475,2.09187,3.3696,66.3347,-0.732943,-2.53025,60.8635
-0.615508,3.93309,28.3017,-2.09117,-4.26163,18.8147,2.1193,3.43624,66.4433,-0.728236,-2.486,60.8841
-0.582053,3.92317,28.1342,-2.07637,-4.25674,18.6567,2.15277,3.50414,66.5613,-0.722173,-2.4451,60.9189
-0.546727,3.91915,27.9308,-2.07012,-4.23889,18.3927,2.19273,3.57586,66.6862,-0.715359,-2.40327,60.9716
-0.510971,3.93003,27.6593,-2.08853,-4.19025,17.8948,2.23822,3.65646,66.8195,-0.709694,-2.35576,61.05
-0.472201,3.8953,27.2368,-2.06416,-4.13304,17.5727,2.30683,3.73298,66.9898,-0.691334,-2.32249,61.1405
-0.573005,2.80228,12.1752,-1.81772,-1.86968,6.70255,11.8204,5.86572,75.9604,8.9214,-5.07142,69.5356
-0.250984,1.37403,5.34382,-0.807329,-0.733825,2.60537,16.3228,8.45219,83.9843,15.4629,-7.33006,76.814
0.204212,1.27716,4.0683,-0.337779,-0.359833,1.3595,16.9827,9.15985,85.9794,15.3762,-8.80928,78.7184
0.610161,1.91126,4.62622,-0.17616,-0.240305,0.939749,17.015,9.44511,87.3206,14.3551,-10.0298,79.9879
1.0497,3.52178,6.9428,-0.121998,-0.232278,0.848034,14.7463,9.365,86.9843,11.8942,-10.2674,79.3411
0.555898,4.75067,8.48418,-0.132225,-0.352354,1.0258,13.455,9.3801,87.4276,10.3656,-10.6691,79.3569
0.0255378,3.3638,19.6528,-1.30937,-2.39659,9.64245,1.43891,2.63066,65.8736,-0.988783,-2.6299,60.619
-1.77788,4.64957,37.4831,-2.91701,-5.304,26.371,2.16698,2.88701,65.1309,-0.670485,-3.11797,61.0722
-0.938573,3.94712,29.8013,-2.37106,-4.53495,22.0134,1.96912,2.96702,65.7515,-0.738218,-2.87839,60.8387
-0.76999,3.95496,28.6512,-2.1395,-4.19392,19.2884,1.96949,3.05144,65.889,-0.764598,-2.75446,60.8519
-0.742893,3.9712,28.697,-2.12313,-4.21006,19.0256,2.00774,3.14293,66.0036,-0.754712,-2.6866,60.8518
-0.712652,3.95878,28.6479,-2.12664,-4.25205,19.1107,2.04039,3.22429,66.1162,-0.744054,-2.63176,60.8484
-0.679236,3.94814,28.5487,-2.1177,-4.2642,19.0662,2.06753,3.29865,66.2256,-0.737304,-2.58007,60.8525
-0.646789,3.94067,28.4377,-2.10451,-4.26469,18.9509,2.09341,3.3689,66.3343,-0.732425,-2.53171,60.8651
-0.614795,3.93245,28.304,-2.09042,-4.26269,18.818,2.1208,3.43548,66.4427,-0.727826,-2.4874,60.8854
-0.58144,3.92257,28.1369,-2.07568,-4.25767,18.6601,2.15424,3.5033,66.5605,-0.72188,-2.44645,60.9199
-0.546197,3.91855,27.9342,-2.06939,-4.23976,18.397,2.19418,3.5749,66.6852,-0.715169,-2.40462,60.9722
-0.510391,3.92953,27.6652,-2.08766,-4.19102,17.9006,2.23972,3.65542,66.8182,-0.709555,-2.35709,61.0503
-0.471855,3.89562,27.2434,-2.06415,-4.13341,17.5742,2.30808,3.73196,66.988,-0.691526,-2.32356,61.1406
-0.580796,2.80411,12.1393,-1.82023,-1.86903,6.69299,11.8194,5.86336,75.9595,8.91893,-5.07295,69.5349
-0.2836,1.35695,5.26656,-0.804527,-0.73078,2.59735,16.3196,8.44805,83.9865,15.4579,-7.33404,76.8116
0.165319,1.238,3.96943,-0.336243,-0.357912,1.35518,16.9813,9.1598,85.9792,15.3738,-8.8109,78.7189
0.573396,1.86176,4.52445,-0.175328,-0.239043,0.937101,17.0154,9.44633,87.3178,14.3548,-10.0295,79.99
1.04109,3.51508,6.91555,-0.121356,-0.231029,0.845673,14.7479,9.36396,86.9797,11.8946,-10.2678,79.3414
0.553069,4.76518,8.49623,-0.131469,-0.350413,1.02262,13.4545,9.37636,87.4247,10.364,-10.6714,79.3547
0.0245028,3.36489,19.6528,-1.31003,-2.3954,9.64045,1.43746,2.63068,65.8729,-0.989485,-2.62873,60.617
-1.77882,4.65046,37.4829,-2.91786,-5.30221,26.3672,2.16567,2.88709,65.1303,-0.671147,-3.11693,61.0704
-0.939417,3.94781,29.8009,-2.37182,-4.53373,22.0114,1.96792,2.96712,65.7511,-0.73882,-2.87743,60.8371
-0.770756,3.95558,28.6507,-2.14017,-4.19283,19.2862,1.96837,3.05158,65.8887,-0.765155,-2.75353,60.8504
-0.743587,3.97175,28.6964,-2.12375,-4.20908,19.0234,2.00668,3.14313,66.0034,-0.755218,-2.68571,60.8505
-0.713278,3.95927,28.6471,-2.12722,-4.25119,19.1086,2.03937,3.22453,66.1161,-0.744504,-2.6309,60.8472
-0.679798,3.94857,28.5477,-2.11824,-4.26345,19.0642,2.06655,3.29893,66.2256,-0.737695,-2.57926,60.8514
-0.647288,3.94105,28.4365,-2.105,-4.26404,18.9489,2.09245,3.36924,66.3345,-0.732755,-2.53092,60.8642
-0.615232,3.93279,28.3025,-2.09087,-4.26213,18.816,2.11987,3.43587,66.443,-0.728091,-2.48665,60.8847
-0.581811,3.92287,28.1352,-2.07609,-4.25719,18.6581,2.15333,3.50375,66.561,-0.722075,-2.44572,60.9194
-0.546512,3.91883,27.932,-2.06981,-4.23934,18.3946,2.19329,3.57542,66.6858,-0.7153,-2.40389,60.9719
-0.510742,3.9297,27.6612,-2.08813,-4.19072,17.8975,2.2388,3.65599,66.8191,-0.709655,-2.35638,61.0502
-0.472059,3.89538,27.2392,-2.06423,-4.13327,17.5728,2.3073,3.73258,66.9891,-0.691446,-2.32294,61.1407
-0.575503,2.80339,12.165,-1.81872,-1.86868,6.69602,11.82,5.86516,75.9599,8.92041,-5.07174,69.5358
-0.261441,1.36898,5.32038,-0.805356,-0.731714,2.60005,16.3218,8.45093,83.9847,15.461,-7.33119,76.8135
0.191918,1.26512,4.038,-0.336753,-0.358614,1.35669,16.9823,9.15978,85.9793,15.3752,-8.80984,78.7186
0.598678,1.89616,4.5953,-0.175604,-0.239501,0.937982,17.0153,9.44541,87.3199,14.3549,-10.0299,79.9886
1.04691,3.52,6.93509,-0.121566,-0.23146,0.846397,14.747,9.3646,86.9832,11.8943,-10.2678,79.3413
0.555018,4.75619,8.48957,-0.131669,-0.350936,1.02337,13.4552,9.37881,87.427,10.3652,-10.6701,79.3563
0.0251926,3.36422,19.6528,-1.3096,-2.39606,9.64157,1.43841,2.63078,65.8735,-0.989012,-2.62934,60.6181
-1.77819,4.64994,37.483,-2.91731,-5.30324,26.3694,2.16652,2.88715,65.1308,-0.670704,-3.11745,61.0714
-0.938857,3.94742,29.8011,-2.37134,-4.53443,22.0125,1.9687,2.96716,65.7514,-0.738416,-2.8779,60.838
-0.770249,3.95523,28.651,-2.13975,-4.19344,19.2874,1.96911,3.05157,65.8889,-0.764782,-2.75399,60.8513
-0.743129,3.97144,28.6968,-2.12336,-4.20962,19.0247,2.00737,3.14307,66.0035,-0.754878,-2.68615,60.8512
-0.712866,3.959,28.6476,-2.12686,-4.25165,19.1098,2.04003,3.22443,66.1162,-0.7442,-2.63132,60.8478
-0.67943,3.94833,28.5483,-2.11791,-4.26384,19.0653,2.06719,3.29879,66.2256,-0.737428,-2.57966,60.8519
-0.646963,3.94085,28.4373,-2.10469,-4.26437,18.95,2.09307,3.36906,66.3343,-0.732525,-2.53131,60.8646
-0.614949,3.93261,28.3034,-2.09059,-4.26241,18.8171,2.12048,3.43564,66.4428,-0.7279,-2.48702,60.885
-0.581572,3.92272,28.1362,-2.07584,-4.25741,18.6592,2.15392,3.50347,66.5606,-0.721925,-2.44608,60.9196
-0.546312,3.91871,27.9333,-2.06957,-4.2395,18.3958,2.19387,3.57509,66.6853,-0.715189,-2.40424,60.972
-0.510516,3.92968,27.6638,-2.08789,-4.19075,17.8989,2.23939,3.65562,66.8184,-0.709562,-2.35672,61.0501
-0.471929,3.89553,27.2417,-2.06413,-4.13327,17.5739,2.30782,3.73212,66.9883,-0.691442,-2.32327,61.1404
-0.579164,2.80343,12.146,-1.81961,-1.86948,6.69638,11.8196,5.86369,75.9597,8.91956,-5.07267,69.5348
-0.276764,1.36026,5.28221,-0.805561,-0.731889,2.60016,16.3204,8.44884,83.9859,15.4592,-7.3332,76.812
0.17348,1.24606,3.98994,-0.33679,-0.358567,1.35668,16.9816,9.15981,85.9792,15.3744,-8.8105,78.7187
0.581221,1.8723,4.54615,-0.175627,-0.239476,0.938044,17.0153,9.44612,87.3184,14.3549,-10.0295,79.9895
1.04297,3.51693,6.92205,-0.121589,-0.231468,0.846542,14.7476,9.36426,86.9807,11.8945,-10.2677,79.3414
0.553635,4.76297,8.49501,-0.131762,-0.351159,1.02388,13.4547,9.37724,87.4254,10.3644,-10.6709,79.3552
0.0247498,3.36462,19.6528,-1.30986,-2.39573,9.64101,1.43781,2.63063,65.873,-0.989317,-2.62906,60.6175
-1.77859,4.65023,37.4829,-2.91765,-5.30268,26.3682,2.16598,2.88702,65.1304,-0.670988,-3.11723,61.0708
-0.939215,3.94763,29.801,-2.37163,-4.53406,22.0119,1.96821,2.96705,65.7511,-0.738675,-2.87771,60.8375
-0.770572,3.95541,28.6508,-2.14,-4.19313,19.2868,1.96864,3.0515,65.8887,-0.76502,-2.7538,60.8508
-0.743419,3.9716,28.6965,-2.1236,-4.20935,19.024,2.00693,3.14304,66.0034,-0.755095,-2.68597,60.8509
-0.713126,3.95914,28.6473,-2.12707,-4.25143,19.1091,2.03962,3.22443,66.1161,-0.744395,-2.63115,60.8476
-0.67966,3.94845,28.5479,-2.1181,-4.26366,19.0647,2.06679,3.29883,66.2256,-0.737601,-2.57949,60.8517
-0.647165,3.94094,28.4368,-2.10487,-4.26423,18.9494,2.09268,3.36913,66.3344,-0.732676,-2.53115,60.8644
-0.615123,3.93269,28.3028,-2.09076,-4.2623,18.8165,2.12009,3.43575,66.4429,-0.728028,-2.48686,60.8849
-0.581717,3.92278,28.1356,-2.07598,-4.25733,18.6586,2.15355,3.50361,66.5609,-0.722029,-2.44593,60.9195
-0.54643,3.91874,27.9325,-2.06969,-4.23947,18.3952,2.19351,3.57527,66.6856,-0.715269,-2.4041,60.972
-0.510653,3.92962,27.6621,-2.08799,-4.19084,17.8984,2.23903,3.65583,66.8189,-0.709632,-2.35658,61.0502
-0.472005,3.89542,27.2402,-2.06423,-4.13333,17.573,2.30749,3.73243,66.9888,-0.691474,-2.3231,61.1407
-0.576631,2.80369,12.1599,-1.8191,-1.86852,6.69437,11.8199,5.86484,75.9597,8.92005,-5.07195,69.5357
-0.266185,1.36651,5.3093,-0.804867,-0.731182,2.59868,16.3213,8.45034,83.985,15.4603,-7.33175,76.8131
0.186254,1.25945,4.02376,-0.336489,-0.358289,1.35596,16.9821,9.15978,85.9793,15.3749,-8.81007,78.7187
0.59332,1.889,4.58063,-0.175462,-0.239287,0.937527,17.0154,9.44559,87.3195,14.3548,-10.0299,79.9889
1.04562,3.51901,6.93114,-0.121456,-0.231247,0.845987,14.7472,9.36446,86.9825,11.8943,-10.2679,79.3413
0.554605,4.75828,8.49132,-0.131536,-0.350593,1.0228,13.4552,9.37828,87.4267,10.3649,-10.6705,79.356
0.0250423,3.36439,19.6528,-1.3097,-2.39588,9.64127,1.4382,2.63079,65.8734,-0.989113,-2.62916,60.6178
-1.77833,4.65008,37.483,-2.91744,-5.30297,26.3688,2.16633,2.88717,65.1307,-0.6708,-3.11729,61.0711
-0.93898,3.94752,29.8011,-2.37145,-4.53424,22.0122,1.96853,2.96718,65.7514,-0.738504,-2.87775,60.8377
-0.77036,3.95532,28.6509,-2.13985,-4.19327,19.2871,1.96894,3.0516,65.8889,-0.764863,-2.75384,60.851
-0.74323,3.97153,28.6967,-2.12345,-4.20947,19.0243,2.00721,3.14311,66.0035,-0.754951,-2.68601,60.851
-0.712958,3.95908,28.6475,-2.12694,-4.25152,19.1094,2.03989,3.22447,66.1162,-0.744265,-2.63119,60.8477
-0.679512,3.9484,28.5482,-2.11799,-4.26373,19.065,2.06705,3.29884,66.2256,-0.737484,-2.57953,60.8518
-0.647036,3.94091,28.4371,-2.10477,-4.26427,18.9497,2.09293,3.36911,66.3344,-0.732572,-2.53118,60.8645
-0.615013,3.93267,28.3031,-2.09066,-4.26232,18.8168,2.12034,3.4357,66.4428,-0.727938,-2.4869,60.8849
-0.581627,3.92277,28.136,-2.0759,-4.25733,18.6589,2.15379,3.50353,66.5607,-0.721952,-2.44596,60.9195
-0.546359,3.91876,27.933,-2.06964,-4.23943,18.3954,2.19374,3.57517,66.6854,-0.715206,-2.40413,60.9719
-0.510568,3.92971,27.6632,-2.08796,-4.1907,17.8984,2.23926,3.65571,66.8185,-0.709574,-2.3566,61.0501
-0.471959,3.8955,27.241,-2.06413,-4.13324,17.5737,2.30771,3.73221,66.9884,-0.691426,-2.32317,61.1404
-0.578404,2.80329,12.1496,-1.81938,-1.86948,6.69701,11.8197,5.86393,75.9598,8.91979,-5.07251,69.5349
-0.273573,1.36196,5.28986,-0.80574,-0.732088,2.60071,16.3207,8.44925,83.9857,15.4596,-7.3328,76.8122
0.177318,1.24995,3.99978,-0.336894,-0.358702,1.35697,16.9818,9.1598,85.9792,15.3747,-8.81034,78.7187
0.584889,1.87728,4.5564,-0.175683,-0.239564,0.938223,17.0153,9.44599,87.3187,14.355,-10.0295,79.9893
1.04383,3.51769,6.92495,-0.121632,-0.231554,0.846696,14.7474,9.36437,86.9812,11.8945,-10.2677,79.3414
0.553915,4.76171,8.4941,-0.131808,-0.351279,1.02407,13.4548,9.37761,87.4257,10.3646,-10.6707,79.3555
0.0248528,3.36452,19.6528,-1.3098,-2.39584,9.64119,1.43795,2.63063,65.8731,-0.989247,-2.62916,60.6177
-1.7785,4.65015,37.483,-2.91757,-5.30285,26.3686,2.16611,2.88702,65.1305,-0.670921,-3.11732,61.071
-0.939131,3.94757,29.8011,-2.37155,-4.53417,22.0121,1.96833,2.96705,65.7512,-0.738615,-2.87779,60.8376
-0.770496,3.95536,28.6508,-2.13994,-4.19322,19.287,1.96875,3.05149,65.8887,-0.764964,-2.75388,60.851
-0.743351,3.97156,28.6966,-2.12354,-4.20944,19.0242,2.00704,3.14303,66.0034,-0.755044,-2.68604,60.851
-0.713064,3.9591,28.6474,-2.12702,-4.2515,19.1093,2.03972,3.22441,66.1161,-0.744349,-2.63122,60.8477
-0.679605,3.94841,28.548,-2.11805,-4.26373,19.0649,2.06688,3.2988,66.2256,-0.737561,-2.57956,60.8518
-0.647116,3.94091,28.4369,-2.10483,-4.26428,18.9496,2.09278,3.3691,66.3344,-0.732641,-2.53121,60.8645
-0.61508,3.93266,28.303,-2.09071,-4.26234,18.8167,2.12018,3.43571,66.4429,-0.728,-2.48692,60.885
-0.58168,3.92276,28.1358,-2.07594,-4.25737,18.6587,2.15364,3.50357,66.5608,-0.722007,-2.44599,60.9196
-0.5464,3.91872,27.9327,-2.06966,-4.2395,18.3954,2.1936,3.57522,66.6856,-0.715253,-2.40416,60.9721
-0.510619,3.92961,27.6625,-2.08795,-4.19086,17.8986,2.23912,3.65577,66.8188,-0.709619,-2.35664,61.0502
-0.471985,3.89545,27.2405,-2.06422,-4.13334,17.5731,2.30757,3.73236,66.9887,-0.691475,-2.32315,61.1407
-0.577158,2.80371,12.1573,-1.81924,-1.8686,6.69428,11.8198,5.86463,75.9597,8.91992,-5.07207,69.5356
-0.2684,1.36526,5.30386,-0.804854,-0.731162,2.59858,16.3211,8.45005,83.9852,15.46,-7.33203,76.8129
0.183589,1.25671,4.01687,-0.336473,-0.358257,1.3559,16.982,9.15978,85.9792,15.3748,-8.81017,78.7187
0.590796,1.88557,4.57357,-0.175453,-0.239268,0.937499,17.0154,9.44569,87.3193,14.3548,-10.0298,79.9891
1.04504,3.51856,6.92927,-0.12145,-0.231231,0.845973,14.7473,9.36442,86.9822,11.8944,-10.2679,79.3414
0.554405,4.75926,8.49211,-0.131537,-0.350593,1.02282,13.4551,9.37805,87.4264,10.3648,-10.6706,79.3558
0.0249776,3.36445,19.6528,-1.30974,-2.39582,9.64118,1.43811,2.63078,65.8733,-0.989158,-2.62911,60.6177
-1.77839,4.65012,37.483,-2.91749,-5.30288,26.3686,2.16625,2.88715,65.1307,-0.670841,-3.11725,61.071
-0.939032,3.94756,29.8011,-2.37149,-4.53418,22.0121,1.96846,2.96717,65.7513,-0.738541,-2.87772,60.8376
-0.770408,3.95535,28.6509,-2.13988,-4.19322,19.287,1.96887,3.05159,65.8889,-0.764898,-2.75381,60.851
-0.743273,3.97155,28.6966,-2.12349,-4.20942,19.0242,2.00715,3.14311,66.0035,-0.754983,-2.68597,60.8509
-0.712996,3.9591,28.6474,-2.12697,-4.25148,19.1093,2.03982,3.22447,66.1161,-0.744293,-2.63116,60.8476
-0.679546,3.94842,28.5481,-2.11802,-4.26369,19.0649,2.06699,3.29885,66.2256,-0.737509,-2.5795,60.8517
-0.647066,3.94093,28.437,-2.10479,-4.26424,18.9496,2.09288,3.36912,66.3344,-0.732594,-2.53115,60.8644
-0.615039,3.93268,28.3031,-2.09068,-4.2623,18.8167,2.12028,3.43572,66.4428,-0.727956,-2.48687,60.8849
-0.581649,3.92278,28.1359,-2.07592,-4.25732,18.6588,2.15373,3.50356,66.5607,-0.721967,-2.44593,60.9195
-0.546376,3.91876,27.9329,-2.06966,-4.23942,18.3953,2.19369,3.57519,66.6854,-0.715217,-2.4041,60.9719
-0.510588,3.92971,27.663,-2.08798,-4.1907,17.8983,2.2392,3.65574,66.8186,-0.709584,-2.35657,61.0501
-0.471971,3.89548,27.2408,-2.06415,-4.13325,17.5735,2.30766,3.73225,66.9885,-0.691429,-2.32314,61.1405
-0.578041,2.80331,12.1516,-1.8193,-1.86937,6.69682,11.8198,5.86408,75.9598,8.91986,-5.07241,69.535
-0.272054,1.36284,5.29371,-0.805671,-0.732018,2.60057,16.3208,8.44946,83.9856,15.4598,-7.33259,76.8124
0.179153,1.25186,4.00461,-0.336866,-0.358679,1.35691,16.9819,9.1598,85.9792,15.3747,-8.81027,78.7187
0.586633,1.87968,4.56135,-0.175667,-0.239548,0.938174,17.0153,9.44592,87.3188,14.355,-10.0296,79.9892
1.04422,3.518,6.92628,-0.121619,-0.231534,0.846641,14.7474,9.3644,86.9814,11.8945,-10.2677,79.3414
0.554054,4.76105,8.49359,-0.131785,-0.35122,1.02396,13.4548,9.37776,87.4259,10.3646,-10.6706,79.3556
0.0248961,3.36449,19.6528,-1.30977,-2.39587,9.64123,1.43801,2.63065,65.8731,-0.989217,-2.62918,60.6177
-1.77846,4.65012,37.483,-2.91753,-5.30289,26.3687,2.16617,2.88704,65.1305,-0.670893,-3.11733,61.071
-0.939096,3.94755,29.8011,-2.37153,-4.5342,22.0121,1.96838,2.96706,65.7512,-0.738589,-2.8778,60.8377
-0.770464,3.95534,28.6508,-2.13991,-4.19325,19.287,1.9688,3.05151,65.8888,-0.764941,-2.75389,60.851
-0.743322,3.97154,28.6966,-2.12351,-4.20946,19.0242,2.00708,3.14303,66.0034,-0.755023,-2.68605,60.851
-0.713039,3.95908,28.6474,-2.127,-4.25152,19.1094,2.03976,3.22442,66.1161,-0.74433,-2.63123,60.8477
-0.679583,3.9484,28.5481,-2.11803,-4.26374,19.0649,2.06692,3.2988,66.2256,-0.737543,-2.57957,60.8518
-0.647097,3.94091,28.4369,-2.10481,-4.26429,18.9496,2.09281,3.36909,66.3344,-0.732626,-2.53122,60.8645
-0.615063,3.93266,28.303,-2.0907,-4.26235,18.8167,2.12022,3.4357,66.4429,-0.727987,-2.48693,60.885
-0.581667,3.92275,28.1358,-2.07593,-4.25738,18.6588,2.15367,3.50356,66.5608,-0.721996,-2.44599,60.9196
-0.546388,3.91872,27.9328,-2.06965,-4.2395,18.3955,2.19363,3.5752,66.6855,-0.715244,-2.40416,60.972
-0.510606,3.92962,27.6626,-2.08794,-4.19084,17.8986,2.23915,3.65575,66.8187,-0.709611,-2.35665,61.0502
-0.471978,3.89546,27.2407,-2.06421,-4.13333,17.5732,2.3076,3.73233,66.9887,-0.691469,-2.32317,61.1406
-0.577413,2.80366,12.1558,-1.81928,-1.86872,6.69459,11.8198,5.86451,75.9597,8.91987,-5.07215,69.5355
-0.269462,1.36462,5.30109,-0.804958,-0.731269,2.59882,16.321,8.44989,83.9853,15.4599,-7.33218,76.8128
0.182306,1.25535,4.01345,-0.336521,-0.358305,1.35602,16.982,9.15978,85.9792,15.3747,-8.81021,78.7187
0.589585,1.88389,4.57011,-0.175479,-0.239299,0.937581,17.0154,9.44574,87.3192,14.3549,-10.0298,79.9891
1.04478,3.51837,6.92838,-0.121471,-0.231267,0.846057,14.7474,9.36438,86.982,11.8944,-10.2678,79.3414
0.554306,4.75975,8.49251,-0.131569,-0.350676,1.02297,13.455,9.37795,87.4263,10.3648,-10.6706,79.3557
0.0249498,3.36447,19.6528,-1.30975,-2.39582,9.64116,1.43807,2.63075,65.8733,-0.989177,-2.62911,60.6177
-1.77841,4.65014,37.483,-2.91751,-5.30286,26.3686,2.16622,2.88714,65.1307,-0.670859,-3.11725,61.071
-0.939055,3.94756,29.8011,-2.37151,-4.53417,22.0121,1.96843,2.96715,65.7513,-0.738558,-2.87772,60.8376
-0.770428,3.95536,28.6509,-2.1399,-4.19321,19.287,1.96885,3.05158,65.8888,-0.764912,-2.75381,60.851
-0.743291,3.97156,28.6966,-2.1235,-4.20942,19.0242,2.00712,3.1431,66.0035,-0.754997,-2.68598,60.8509
-0.713012,3.9591,28.6474,-2.12699,-4.25148,19.1093,2.0398,3.22447,66.1161,-0.744306,-2.63116,60.8476
-0.67956,3.94842,28.5481,-2.11803,-4.26369,19.0649,2.06696,3.29884,66.2256,-0.73752,-2.5795,60.8517
-0.647078,3.94093,28.437,-2.1048,-4.26424,18.9496,2.09285,3.36912,66.3344,-0.732604,-2.53116,60.8644
-0.615049,3.93268,28.303,-2.09069,-4.2623,18.8167,2.12026,3.43572,66.4428,-0.727965,-2.48687,60.8849
-0.581657,3.92278,28.1358,-2.07593,-4.25732,18.6587,2.15371,3.50356,66.5607,-0.721974,-2.44593,60.9195
-0.546383,3.91876,27.9328,-2.06966,-4.23943,18.3953,2.19366,3.5752,66.6855,-0.715224,-2.4041,60.9719
-0.510596,3.9297,27.6629,-2.08798,-4.19072,17.8983,2.23918,3.65575,66.8186,-0.70959,-2.35658,61.0501
-0.471975,3.89547,27.2407,-2.06416,-4.13326,17.5735,2.30764,3.73227,66.9886,-0.691435,-2.32314,61.1405
-0.577863,2.80336,12.1526,-1.81928,-1.86925,6.69648,11.8198,5.86418,75.9598,8.91988,-5.07235,69.5351
-0.271315,1.36331,5.29569,-0.805559,-0.731902,2.60031,16.3209,8.44957,83.9855,15.4599,-7.33248,76.8125
0.18005,1.25282,4.00704,-0.336813,-0.358624,1.35678,16.9819,9.1598,85.9792,15.3747,-8.81025,78.7187
0.58748,1.88086,4.5638,-0.175638,-0.239512,0.938083,17.0153,9.44588,87.3189,14.3549,-10.0296,79.9892
1.04439,3.51813,6.92691,-0.121596,-0.231493,0.84655,14.7474,9.36441,86.9816,11.8945,-10.2677,79.3414
0.554124,4.7607,8.49332,-0.13175,-0.351133,1.0238,13.4549,9.37782,87.426,10.3647,-10.6706,79.3556
0.0249146,3.36447,19.6528,-1.30976,-2.39587,9.64124,1.43803,2.63067,65.8732,-0.989204,-2.62917,60.6177
-1.77845,4.65012,37.483,-2.91752,-5.3029,26.3687,2.16619,2.88706,65.1306,-0.670881,-3.11732,61.071
-0.939082,3.94755,29.8011,-2.37152,-4.5342,22.0121,1.96839,2.96708,65.7512,-0.738578,-2.87779,60.8377
-0.770451,3.95534,28.6508,-2.13991,-4.19325,19.287,1.96882,3.05152,65.8888,-0.764931,-2.75388,60.851
-0.743311,3.97154,28.6966,-2.12351,-4.20946,19.0242,2.0071,3.14304,66.0034,-0.755014,-2.68604,60.851
-0.713029,3.95908,28.6474,-2.12699,-4.25152,19.1094,2.03977,3.22442,66.1161,-0.744322,-2.63122,60.8477
-0.679574,3.9484,28.5481,-2.11803,-4.26374,19.0649,2.06694,3.29881,66.2256,-0.737536,-2.57956,60.8518
-0.647089,3.94091,28.437,-2.10481,-4.26429,18.9496,2.09283,3.36909,66.3344,-0.732619,-2.53122,60.8645
-0.615057,3.93266,28.303,-2.09069,-4.26234,18.8167,2.12024,3.4357,66.4429,-0.72798,-2.48693,60.885
-0.581662,3.92276,28.1358,-2.07593,-4.25737,18.6588,2.15369,3.50355,66.5608,-0.72199,-2.44599,60.9195
-0.546385,3.91872,27.9328,-2.06965,-4.23949,18.3954,2.19364,3.5752,66.6855,-0.715239,-2.40416,60.972
-0.510601,3.92963,27.6627,-2.08795,-4.19082,17.8986,2.23916,3.65574,66.8187,-0.709606,-2.35664,61.0502
-0.471976,3.89546,27.2407,-2.0642,-4.13332,17.5733,2.30762,3.73231,66.9886,-0.691463,-2.32317,61.1406
-0.577539,2.80361,12.155,-1.81929,-1.86883,6.69492,11.8198,5.86443,75.9597,8.91987,-5.0722,69.5354
-0.269984,1.36428,5.29966,-0.805064,-0.73138,2.59908,16.321,8.44981,83.9853,15.4599,-7.33226,76.8127
0.181672,1.25467,4.01171,-0.336572,-0.358359,1.35615,16.982,9.15979,85.9792,15.3747,-8.81022,78.7187
0.58899,1.88305,4.56837,-0.175507,-0.239336,0.937668,17.0153,9.44578,87.3191,14.3549,-10.0297,79.9891
1.04466,3.51829,6.92795,-0.121493,-0.231306,0.846144,14.7474,9.36439,86.9819,11.8944,-10.2678,79.3414
0.554256,4.76,8.49272,-0.131602,-0.350758,1.02312,13.455,9.37791,87.4262,10.3648,-10.6706,79.3557
0.0249379,3.36447,19.6528,-1.30976,-2.39582,9.64117,1.43806,2.63074,65.8733,-0.989186,-2.62912,60.6177
-1.77842,4.65014,37.483,-2.91752,-5.30286,26.3686,2.16621,2.88712,65.1306,-0.670867,-3.11726,61.071
-0.939064,3.94756,29.8011,-2.37151,-4.53417,22.0121,1.96841,2.96714,65.7513,-0.738565,-2.87773,60.8376
-0.770436,3.95536,28.6508,-2.1399,-4.19321,19.287,1.96884,3.05157,65.8888,-0.764919,-2.75382,60.851
-0.743298,3.97156,28.6966,-2.1235,-4.20942,19.0242,2.00711,3.14309,66.0035,-0.755002,-2.68598,60.8509
-0.713018,3.9591,28.6474,-2.12699,-4.25148,19.1093,2.03979,3.22446,66.1161,-0.744311,-2.63117,60.8476
-0.679565,3.94842,28.5481,-2.11803,-4.2637,19.0649,2.06695,3.29884,66.2256,-0.737525,-2.57951,60.8517
-0.647083,3.94092,28.437,-2.10481,-4.26425,18.9496,2.09284,3.36912,66.3344,-0.732609,-2.53116,60.8645
-0.615052,3.93268,28.303,-2.09069,-4.2623,18.8167,2.12025,3.43572,66.4428,-0.727969,-2.48688,60.8849
-0.581659,3.92278,28.1358,-2.07593,-4.25733,18.6587,2.1537,3.50356,66.5608,-0.721979,-2.44594,60.9195
-0.546385,3.91875,27.9328,-2.06966,-4.23944,18.3953,2.19366,3.5752,66.6855,-0.715227,-2.40411,60.972
-0.510599,3.92968,27.6628,-2.08798,-4.19074,17.8983,2.23918,3.65575,66.8187,-0.709593,-2.35659,61.0501
-0.471976,3.89547,27.2407,-2.06417,-4.13327,17.5734,2.30763,3.73228,66.9886,-0.69144,-2.32314,61.1405
-0.577774,2.80341,12.1532,-1.81927,-1.86916,6.69618,11.8198,5.86424,75.9597,8.91989,-5.07231,69.5352
-0.270945,1.36356,5.29673,-0.805465,-0.731802,2.60007,16.3209,8.44963,83.9855,15.4599,-7.33243,76.8125
0.180499,1.25332,4.00829,-0.336767,-0.358574,1.35666,16.9819,9.15979,85.9792,15.3747,-8.81024,78.7187
0.587901,1.88146,4.56505,-0.175614,-0.239479,0.938005,17.0153,9.44585,87.3189,14.3549,-10.0296,79.9892
1.04447,3.51819,6.92721,-0.121577,-0.231458,0.846473,14.7474,9.3644,86.9817,11.8944,-10.2677,79.3414
0.554159,4.76052,8.49317,-0.131722,-0.351061,1.02366,13.4549,9.37786,87.4261,10.3647,-10.6706,79.3556
0.0249225,3.36447,19.6528,-1.30976,-2.39586,9.64123,1.43804,2.63069,65.8732,-0.989198,-2.62917,60.6177
-1.77844,4.65012,37.483,-2.91752,-5.3029,26.3687,2.16619,2.88707,65.1306,-0.670876,-3.11731,61.071
-0.939075,3.94755,29.8011,-2.37152,-4.5342,22.0121,1.9684,2.96709,65.7512,-0.738574,-2.87778,60.8377
-0.770446,3.95534,28.6508,-2.1399,-4.19325,19.287,1.96882,3.05153,65.8888,-0.764927,-2.75387,60.851
-0.743306,3.97154,28.6966,-2.1235,-4.20945,19.0242,2.0071,3.14305,66.0034,-0.75501,-2.68603,60.851
-0.713025,3.95909,28.6474,-2.12699,-4.25151,19.1094,2.03978,3.22443,66.1161,-0.744318,-2.63121,60.8477
-0.679571,3.94841,28.5481,-2.11803,-4.26373,19.0649,2.06694,3.29881,66.2256,-0.737532,-2.57955,60.8518
-0.647086,3.94091,28.437,-2.1048,-4.26428,18.9496,2.09283,3.3691,66.3344,-0.732616,-2.53121,60.8645
-0.615055,3.93266,28.303,-2.09069,-4.26234,18.8167,2.12024,3.4357,66.4429,-0.727977,-2.48692,60.885
-0.58166,3.92276,28.1358,-2.07593,-4.25736,18.6588,2.15369,3.50355,66.5608,-0.721987,-2.44598,60.9195
-0.546384,3.91873,27.9328,-2.06965,-4.23948,18.3954,2.19365,3.5752,66.6855,-0.715236,-2.40415,60.972
-0.5106,3.92964,27.6627,-2.08795,-4.1908,17.8985,2.23917,3.65574,66.8187,-0.709603,-2.35663,61.0502
-0.471975,3.89546,27.2407,-2.06419,-4.13331,17.5733,2.30762,3.7323,66.9886,-0.691459,-2.32316,61.1406
-0.577603,2.80357,12.1546,-1.81929,-1.8689,6.69518,11.8198,5.86439,75.9597,8.91987,-5.07223,69.5354
-0.270248,1.36409,5.2989,-0.805145,-0.731465,2.59928,16.321,8.44976,83.9854,15.4599,-7.3323,76.8127
0.181351,1.25431,4.0108,-0.336611,-0.358402,1.35625,16.982,9.15979,85.9792,15.3747,-8.81023,78.7187
0.58869,1.88262,4.56748,-0.175528,-0.239364,0.937736,17.0153,9.44579,87.3191,14.3549,-10.0297,79.9892
1.0446,3.51825,6.92774,-0.12151,-0.231336,0.84621,14.7474,9.36439,86.9818,11.8944,-10.2678,79.3414
0.55423,4.76014,8.49283,-0.131626,-0.350819,1.02323,13.455,9.37789,87.4262,10.3647,-10.6706,79.3557
0.0249327,3.36448,19.6528,-1.30976,-2.39583,9.64118,1.43805,2.63073,65.8732,-0.98919,-2.62912,60.6177
-1.77843,4.65013,37.483,-2.91752,-5.30287,26.3686,2.1662,2.88711,65.1306,-0.67087,-3.11727,61.071
-0.939068,3.94756,29.8011,-2.37152,-4.53417,22.0121,1.96841,2.96713,65.7513,-0.738568,-2.87774,60.8376
-0.77044,3.95536,28.6508,-2.1399,-4.19322,19.287,1.96883,3.05156,65.8888,-0.764922,-2.75383,60.851
-0.743301,3.97156,28.6966,-2.1235,-4.20943,19.0242,2.00711,3.14308,66.0035,-0.755005,-2.68599,60.8509
-0.713021,3.9591,28.6474,-2.12699,-4.25149,19.1093,2.03979,3.22445,66.1161,-0.744313,-2.63118,60.8476
-0.679568,3.94842,28.5481,-2.11803,-4.2637,19.0649,2.06695,3.29883,66.2256,-0.737528,-2.57952,60.8518
-0.647084,3.94092,28.437,-2.10481,-4.26426,18.9496,2.09284,3.36911,66.3344,-0.732611,-2.53117,60.8645
-0.615054,3.93267,28.303,-2.0907,-4.26231,18.8167,2.12025,3.43571,66.4429,-0.727971,-2.48688,60.8849
-0.58166,3.92277,28.1358,-2.07593,-4.25733,18.6588,2.1537,3.50356,66.5608,-0.721981,-2.44595,60.9195
-0.546385,3.91875,27.9328,-2.06966,-4.23945,18.3953,2.19365,3.5752,66.6855,-0.71523,-2.40412,60.972
-0.5106,3.92968,27.6628,-2.08797,-4.19075,17.8984,2.23917,3.65575,66.8187,-0.709596,-2.35659,61.0502
-0.471976,3.89547,27.2407,-2.06417,-4.13328,17.5734,2.30763,3.73229,66.9886,-0.691444,-2.32315,61.1405
-0.577728,2.80344,12.1536,-1.81928,-1.86911,6.69597,11.8198,5.86427,75.9597,8.91988,-5.07229,69.5352
-0.270757,1.36369,5.29729,-0.805398,-0.731732,2.59991,16.3209,8.44966,83.9854,15.4599,-7.33239,76.8126
0.180729,1.25358,4.00895,-0.336735,-0.358539,1.35657,16.9819,9.15979,85.9792,15.3747,-8.81023,78.7187
0.588115,1.88177,4.56569,-0.175596,-0.239455,0.937949,17.0153,9.44584,87.319,14.3549,-10.0297,79.9892
1.04451,3.51821,6.92736,-0.121563,-0.231433,0.846418,14.7474,9.3644,86.9817,11.8944,-10.2677,79.3414
0.554178,4.76042,8.49308,-0.131701,-0.35101,1.02357,13.4549,9.37787,87.4261,10.3647,-10.6706,79.3557
0.0249259,3.36447,19.6528,-1.30976,-2.39585,9.64122,1.43805,2.6307,65.8732,-0.989195,-2.62916,60.6177
-1.77844,4.65012,37.483,-2.91752,-5.30289,26.3687,2.1662,2.88708,65.1306,-0.670874,-3.1173,61.071
-0.939073,3.94755,29.8011,-2.37151,-4.5342,22.0121,1.96841,2.9671,65.7512,-0.738572,-2.87777,60.8377
-0.770444,3.95534,28.6509,-2.1399,-4.19324,19.287,1.96883,3.05154,65.8888,-0.764925,-2.75386,60.851
-0.743304,3.97155,28.6966,-2.1235,-4.20945,19.0242,2.00711,3.14306,66.0034,-0.755008,-2.68603,60.851
-0.713023,3.95909,28.6474,-2.12699,-4.25151,19.1094,2.03978,3.22444,66.1161,-0.744317,-2.63121,60.8477
-0.679569,3.94841,28.5481,-2.11803,-4.26372,19.0649,2.06695,3.29882,66.2256,-0.737531,-2.57955,60.8518
-0.647085,3.94091,28.437,-2.1048,-4.26428,18.9496,2.09284,3.3691,66.3344,-0.732615,-2.5312,60.8645
-0.615054,3.93266,28.303,-2.09069,-4.26233,18.8167,2.12024,3.4357,66.4429,-0.727975,-2.48691,60.885
-0.58166,3.92276,28.1358,-2.07593,-4.25736,18.6588,2.15369,3.50355,66.5608,-0.721986,-2.44597,60.9195
-0.546384,3.91873,27.9328,-2.06965,-4.23948,18.3954,2.19365,3.5752,66.6855,-0.715234,-2.40414,60.972
-0.510599,3.92965,27.6628,-2.08796,-4.19079,17.8985,2.23917,3.65574,66.8187,-0.709601,-2.35662,61.0502
-0.471975,3.89547,27.2407,-2.06419,-4.1333,17.5733,2.30762,3.7323,66.9886,-0.691456,-2.32316,61.1406
-0.577636,2.80354,12.1543,-1.81929,-1.86894,6.69535,11.8198,5.86436,75.9597,8.91987,-5.07224,69.5353
-0.270384,1.36399,5.29849,-0.805199,-0.731522,2.59941,16.321,8.44974,83.9854,15.4599,-7.33233,76.8127
0.181185,1.25412,4.01032,-0.336637,-0.358431,1.35632,16.9819,9.15979,85.9792,15.3747,-8.81023,78.7187
0.588536,1.8824,4.56701,-0.175543,-0.239383,0.937781,17.0153,9.4458,87.319,14.3549,-10.0297,79.9892
1.04458,3.51824,6.92763,-0.121521,-0.231357,0.846255,14.7474,9.36439,86.9818,11.8944,-10.2678,79.3414
0.554217,4.76021,8.4929,-0.131642,-0.35086,1.02331,13.455,9.37789,87.4262,10.3647,-10.6706,79.3557
0.0249305,3.36448,19.6528,-1.30976,-2.39583,9.64118,1.43805,2.63072,65.8732,-0.989191,-2.62913,60.6177
-1.77843,4.65013,37.483,-2.91752,-5.30287,26.3686,2.1662,2.8871,65.1306,-0.670871,-3.11728,61.071
-0.93907,3.94756,29.8011,-2.37152,-4.53418,22.0121,1.96841,2.96712,65.7512,-0.738569,-2.87775,60.8376
-0.770441,3.95535,28.6508,-2.1399,-4.19322,19.287,1.96883,3.05156,65.8888,-0.764923,-2.75383,60.851
-0.743302,3.97155,28.6966,-2.12351,-4.20943,19.0242,2.00711,3.14307,66.0035,-0.755006,-2.686,60.8509
-0.713022,3.9591,28.6474,-2.12699,-4.25149,19.1093,2.03978,3.22445,66.1161,-0.744314,-2.63118,60.8476
-0.679568,3.94842,28.5481,-2.11803,-4.26371,19.0649,2.06695,3.29883,66.2256,-0.737529,-2.57952,60.8518
-0.647085,3.94092,28.437,-2.10481,-4.26426,18.9496,2.09284,3.36911,66.3344,-0.732612,-2.53118,60.8645
-0.615054,3.93267,28.303,-2.09069,-4.26231,18.8167,2.12025,3.43571,66.4429,-0.727972,-2.48689,60.8849
-0.58166,3.92277,28.1358,-2.07593,-4.25734,18.6588,2.1537,3.50356,66.5608,-0.721982,-2.44595,60.9195
-0.546385,3.91874,27.9328,-2.06966,-4.23945,18.3954,2.19365,3.5752,66.6855,-0.715231,-2.40412,60.972
-0.5106,3.92967,27.6628,-2.08797,-4.19076,17.8984,2.23917,3.65575,66.8187,-0.709597,-2.3566,61.0502
-0.471976,3.89547,27.2407,-2.06417,-4.13328,17.5734,2.30763,3.73229,66.9886,-0.691447,-2.32315,61.1405
-0.577704,2.80347,12.1538,-1.81928,-1.86907,6.69583,11.8198,5.86429,75.9597,8.91988,-5.07228,69.5353
-0.270658,1.36377,5.2976,-0.805354,-0.731686,2.5998,16.321,8.44968,83.9854,15.4599,-7.33238,76.8126
0.180849,1.25372,4.00931,-0.336714,-0.358515,1.35652,16.9819,9.15979,85.9792,15.3747,-8.81023,78.7187
0.588227,1.88194,4.56604,-0.175584,-0.239439,0.937912,17.0153,9.44583,87.319,14.3549,-10.0297,79.9892
1.04453,3.51822,6.92743,-0.121554,-0.231416,0.846382,14.7474,9.3644,86.9817,11.8944,-10.2678,79.3414
0.554188,4.76037,8.49304,-0.131688,-0.350977,1.02351,13.4549,9.37788,87.4261,10.3647,-10.6706,79.3557
0.0249274,3.36447,19.6528,-1.30976,-2.39585,9.64121,1.43805,2.6307,65.8732,-0.989194,-2.62915,60.6177
-1.77843,4.65012,37.483,-2.91752,-5.30289,26.3686,2.1662,2.88708,65.1306,-0.670873,-3.1173,61.071
-0.939072,3.94755,29.8011,-2.37151,-4.53419,22.0121,1.96841,2.9671,65.7512,-0.738571,-2.87777,60.8377
-0.770443,3.95535,28.6508,-2.1399,-4.19324,19.287,1.96883,3.05154,65.8888,-0.764924,-2.75386,60.851
-0.743303,3.97155,28.6966,-2.1235,-4.20944,19.0242,2.00711,3.14306,66.0035,-0.755007,-2.68602,60.851
-0.713022,3.95909,28.6474,-2.12699,-4.25151,19.1094,2.03978,3.22444,66.1161,-0.744316,-2.6312,60.8476
-0.679569,3.94841,28.5481,-2.11803,-4.26372,19.0649,2.06695,3.29882,66.2256,-0.73753,-2.57954,60.8518
-0.647085,3.94091,28.437,-2.1048,-4.26427,18.9496,2.09284,3.3691,66.3344,-0.732614,-2.5312,60.8645
-0.615054,3.93266,28.303,-2.09069,-4.26233,18.8167,2.12024,3.43571,66.4429,-0.727975,-2.48691,60.885
-0.58166,3.92276,28.1358,-2.07593,-4.25735,18.6588,2.1537,3.50356,66.5608,-0.721985,-2.44597,60.9195
-0.546384,3.91873,27.9328,-2.06965,-4.23947,18.3954,2.19365,3.5752,66.6855,-0.715234,-2.40414,60.972
-0.510599,3.92966,27.6628,-2.08796,-4.19079,17.8985,2.23917,3.65574,66.8187,-0.7096,-2.35662,61.0502
-0.471975,3.89547,27.2407,-2.06418,-4.1333,17.5733,2.30762,3.7323,66.9886,-0.691454,-2.32316,61.1406
-0.577654,2.80353,12.1542,-1.81929,-1.86897,6.69546,11.8198,5.86434,75.9597,8.91987,-5.07225,69.5353
-0.270456,1.36394,5.29826,-0.805234,-0.731559,2.5995,16.321,8.44972,83.9854,15.4599,-7.33234,76.8126
0.181097,1.25401,4.01006,-0.336654,-0.35845,1.35636,16.9819,9.15979,85.9792,15.3747,-8.81023,78.7187
0.588455,1.88228,4.56676,-0.175552,-0.239396,0.937811,17.0153,9.44581,87.319,14.3549,-10.0297,79.9892
1.04456,3.51823,6.92758,-0.121528,-0.23137,0.846283,14.7474,9.36439,86.9818,11.8944,-10.2678,79.3414
0.554209,4.76025,8.49293,-0.131653,-0.350887,1.02335,13.455,9.37788,87.4262,10.3647,-10.6706,79.3557
0.0249295,3.36447,19.6528,-1.30976,-2.39584,9.64119,1.43805,2.63072,65.8732,-0.989192,-2.62914,60.6177
-1.77843,4.65013,37.483,-2.91752,-5.30287,26.3686,2.1662,2.8871,65.1306,-0.670872,-3.11728,61.071
-0.93907,3.94756,29.8011,-2.37152,-4.53418,22.0121,1.96841,2.96712,65.7512,-0.73857,-2.87775,60.8377
-0.770442,3.95535,28.6508,-2.1399,-4.19323,19.287,1.96883,3.05155,65.8888,-0.764923,-2.75384,60.851
-0.743303,3.97155,28.6966,-2.1235,-4.20943,19.0242,2.00711,3.14307,66.0035,-0.755006,-2.686,60.8509
-0.713022,3.9591,28.6474,-2.12699,-4.2515,19.1093,2.03978,3.22445,66.1161,-0.744315,-2.63119,60.8476
-0.679569,3.94841,28.5481,-2.11803,-4.26371,19.0649,2.06695,3.29883,66.2256,-0.737529,-2.57953,60.8518
-0.647085,3.94092,28.437,-2.10481,-4.26426,18.9496,2.09284,3.36911,66.3344,-0.732612,-2.53118,60.8645
-0.615054,3.93267,28.303,-2.09069,-4.26232,18.8167,2.12024,3.43571,66.4429,-0.727973,-2.48689,60.8849
-0.58166,3.92277,28.1358,-2.07593,-4.25734,18.6588,2.1537,3.50356,66.5608,-0.721983,-2.44596,60.9195
-0.546385,3.91874,27.9328,-2.06965,-4.23946,18.3954,2.19365,3.5752,66.6855,-0.715231,-2.40413,60.972
-0.5106,3.92967,27.6628,-2.08797,-4.19077,17.8984,2.23917,3.65575,66.8187,-0.709598,-2.3566,61.0502
-0.471976,3.89547,27.2407,-2.06418,-4.13329,17.5734,2.30763,3.73229,66.9886,-0.691448,-2.32315,61.1405
-0.577691,2.80348,12.1539,-1.81928,-1.86905,6.69575,11.8198,5.86431,75.9597,8.91988,-5.07227,69.5353
-0.270606,1.36381,5.29776,-0.805327,-0.731657,2.59973,16.321,8.44969,83.9854,15.4599,-7.33237,76.8126
0.180914,1.25379,4.0095,-0.3367,-0.3585,1.35648,16.9819,9.15979,85.9792,15.3747,-8.81023,78.7187
0.588286,1.88203,4.56622,-0.175577,-0.23943,0.937889,17.0153,9.44583,87.319,14.3549,-10.0297,79.9892
1.04454,3.51822,6.92747,-0.121548,-0.231406,0.84636,14.7474,9.3644,86.9817,11.8944,-10.2678,79.3414
0.554193,4.76034,8.49301,-0.13168,-0.350956,1.02348,13.4549,9.37788,87.4261,10.3647,-10.6706,79.3557
0.0249281,3.36447,19.6528,-1.30976,-2.39585,9.64121,1.43805,2.6307,65.8732,-0.989193,-2.62915,60.6177
-1.77843,4.65013,37.483,-2.91752,-5.30289,26.3686,2.1662,2.88709,65.1306,-0.670873,-3.11729,61.071
-0.939071,3.94755,29.8011,-2.37151,-4.53419,22.0121,1.96841,2.96711,65.7512,-0.73857,-2.87776,60.8377
-0.770442,3.95535,28.6508,-2.1399,-4.19324,19.287,1.96883,3.05154,65.8888,-0.764924,-2.75385,60.851
-0.743303,3.97155,28.6966,-2.1235,-4.20944,19.0242,2.00711,3.14306,66.0035,-0.755007,-2.68602,60.851
-0.713022,3.95909,28.6474,-2.12699,-4.2515,19.1093,2.03978,3.22444,66.1161,-0.744316,-2.6312,60.8476
-0.679569,3.94841,28.5481,-2.11803,-4.26372,19.0649,2.06695,3.29882,66.2256,-0.73753,-2.57954,60.8518
-0.647085,3.94091,28.437,-2.1048,-4.26427,18.9496,2.09284,3.3691,66.3344,-0.732613,-2.53119,60.8645
-0.615054,3.93267,28.303,-2.09069,-4.26233,18.8167,2.12024,3.43571,66.4429,-0.727974,-2.4869,60.885
-0.58166,3.92277,28.1358,-2.07593,-4.25735,18.6588,2.1537,3.50356,66.5608,-0.721984,-2.44597,60.9195
-0.546384,3.91874,27.9328,-2.06965,-4.23947,18.3954,2.19365,3.5752,66.6855,-0.715233,-2.40414,60.972
-0.510599,3.92966,27.6628,-2.08796,-4.19078,17.8985,2.23917,3.65574,66.8187,-0.709599,-2.35662,61.0502
-0.471975,3.89547,27.2407,-2.06418,-4.1333,17.5733,2.30762,3.7323,66.9886,-0.691452,-2.32316,61.1406
-0.577663,2.80352,12.1541,-1.81929,-1.86899,6.69552,11.8198,5.86434,75.9597,8.91987,-5.07226,69.5353
-0.270494,1.36391,5.29814,-0.805255,-0.731581,2.59955,16.321,8.44972,83.9854,15.4599,-7.33235,76.8126
0.18105,1.25396,4.00992,-0.336665,-0.358461,1.35639,16.9819,9.15979,85.9792,15.3747,-8.81023,78.7187
0.588411,1.88222,4.56662,-0.175558,-0.239404,0.937829,17.0153,9.44581,87.319,14.3549,-10.0297,79.9892
1.04456,3.51823,6.92755,-0.121533,-0.231378,0.846301,14.7474,9.36439,86.9818,11.8944,-10.2678,79.3414
0.554205,4.76027,8.49295,-0.131659,-0.350903,1.02338,13.455,9.37788,87.4261,10.3647,-10.6706,79.3557
0.024929,3.36447,19.6528,-1.30976,-2.39584,9.64119,1.43805,2.63071,65.8732,-0.989193,-2.62914,60.6177
-1.77843,4.65013,37.483,-2.91752,-5.30288,26.3686,2.1662,2.8871,65.1306,-0.670872,-3.11728,61.071
-0.939071,3.94756,29.8011,-2.37152,-4.53418,22.0121,1.96841,2.96711,65.7512,-0.73857,-2.87775,60.8377
-0.770442,3.95535,28.6508,-2.1399,-4.19323,19.287,1.96883,3.05155,65.8888,-0.764923,-2.75384,60.851
-0.743303,3.97155,28.6966,-2.1235,-4.20944,19.0242,2.00711,3.14307,66.0035,-0.755007,-2.68601,60.851
-0.713022,3.9591,28.6474,-2.12699,-4.2515,19.1093,2.03978,3.22445,66.1161,-0.744315,-2.63119,60.8476
-0.679569,3.94841,28.5481,-2.11803,-4.26371,19.0649,2.06695,3.29883,66.2256,-0.737529,-2.57953,60.8518
-0.647085,3.94092,28.437,-2.10481,-4.26427,18.9496,2.09284,3.36911,66.3344,-0.732613,-2.53118,60.8645
-0.615054,3.93267,28.303,-2.09069,-4.26232,18.8167,2.12024,3.43571,66.4429,-0.727973,-2.4869,60.8849
-0.58166,3.92277,28.1358,-2.07593,-4.25734,18.6588,2.1537,3.50356,66.5608,-0.721983,-2.44596,60.9195
-0.546385,3.91874,27.9328,-2.06965,-4.23946,18.3954,2.19365,3.5752,66.6855,-0.715232,-2.40413,60.972
-0.5106,3.92967,27.6628,-2.08797,-4.19077,17.8984,2.23917,3.65575,66.8187,-0.709598,-2.35661,61.0502
-0.471976,3.89547,27.2407,-2.06418,-4.13329,17.5733,2.30762,3.73229,66.9886,-0.691449,-2.32315,61.1405
-0.577684,2.80349,12.1539,-1.81928,-1.86903,6.6957,11.8198,5.86431,75.9597,8.91988,-5.07227,69.5353
-0.270577,1.36383,5.29786,-0.80531,-0.73164,2.59969,16.321,8.4497,83.9854,15.4599,-7.33236,76.8126
0.180948,1.25383,4.0096,-0.336692,-0.358491,1.35646,16.9819,9.15979,85.9792,15.3747,-8.81023,78.7187
0.588318,1.88207,4.56632,-0.175572,-0.239424,0.937875,17.0153,9.44582,87.319,14.3549,-10.0297,79.9892
1.04454,3.51823,6.92749,-0.121545,-0.2314,0.846346,14.7474,9.3644,86.9817,11.8944,-10.2678,79.3414
0.554196,4.76032,8.493,-0.131675,-0.350944,1.02346,13.4549,9.37788,87.4261,10.3647,-10.6706,79.3557
0.0249286,3.36447,19.6528,-1.30976,-2.39584,9.6412,1.43805,2.63071,65.8732,-0.989193,-2.62914,60.6177
-1.77843,4.65013,37.483,-2.91752,-5.30288,26.3686,2.1662,2.88709,65.1306,-0.670873,-3.11729,61.071
-0.939071,3.94756,29.8011,-2.37152,-4.53419,22.0121,1.96841,2.96711,65.7512,-0.73857,-2.87776,60.8377
-0.770442,3.95535,28.6508,-2.1399,-4.19323,19.287,1.96883,3.05155,65.8888,-0.764924,-2.75385,60.851
-0.743303,3.97155,28.6966,-2.1235,-4.20944,19.0242,2.00711,3.14307,66.0035,-0.755007,-2.68601,60.851
-0.713022,3.95909,28.6474,-2.12699,-4.2515,19.1093,2.03978,3.22444,66.1161,-0.744315,-2.63119,60.8476
-0.679569,3.94841,28.5481,-2.11803,-4.26372,19.0649,2.06695,3.29882,66.2256,-0.73753,-2.57953,60.8518
-0.647085,3.94092,28.437,-2.10481,-4.26427,18.9496,2.09284,3.3691,66.3344,-0.732613,-2.53119,60.8645
-0.615054,3.93267,28.303,-2.09069,-4.26232,18.8167,2.12024,3.43571,66.4429,-0.727974,-2.4869,60.8849
-0.58166,3.92277,28.1358,-2.07593,-4.25735,18.6588,2.1537,3.50356,66.5608,-0.721984,-2.44596,60.9195
-0.546384,3.91874,27.9328,-2.06965,-4.23946,18.3954,2.19365,3.5752,66.6855,-0.715232,-2.40413,60.972
-0.5106,3.92966,27.6628,-2.08796,-4.19078,17.8985,2.23917,3.65574,66.8187,-0.709599,-2.35661,61.0502
-0.471976,3.89547,27.2407,-2.06418,-4.13329,17.5733,2.30762,3.73229,66.9886,-0.691451,-2.32315,61.1406
-0.577673,2.8035,12.154,-1.81928,-1.86901,6.69561,11.8198,5.86432,75.9597,8.91988,-5.07226,69.5353
-0.270536,1.36387,5.298,-0.805283,-0.731611,2.59962,16.321,8.44971,83.9854,15.4599,-7.33235,76.8126
0.180999,1.2539,4.00976,-0.336678,-0.358476,1.35643,16.9819,9.15979,85.9792,15.3747,-8.81023,78.7187
0.588365,1.88214,4.56647,-0.175565,-0.239414,0.937852,17.0153,9.44582,87.319,14.3549,-10.0297,79.9892
1.04455,3.51823,6.92752,-0.121539,-0.231389,0.846323,14.7474,9.36439,86.9818,11.8944,-10.2678,79.3414
0.554201,4.7603,8.49297,-0.131667,-0.350923,1.02342,13.4549,9.37788,87.4261,10.3647,-10.6706,79.3557
0.0249287,3.36447,19.6528,-1.30976,-2.39584,9.6412,1.43805,2.63071,65.8732,-0.989193,-2.62914,60.6177
-1.77843,4.65013,37.483,-2.91752,-5.30288,26.3686,2.1662,2.88709,65.1306,-0.670872,-3.11729,61.071
-0.939071,3.94756,29.8011,-2.37152,-4.53419,22.0121,1.96841,2.96711,65.7512,-0.73857,-2.87776,60.8377
-0.770442,3.95535,28.6508,-2.1399,-4.19323,19.287,1.96883,3.05155,65.8888,-0.764924,-2.75385,60.851
-0.743303,3.97155,28.6966,-2.1235,-4.20944,19.0242,2.00711,3.14307,66.0035,-0.755007,-2.68601,60.851
-0.713022,3.95909,28.6474,-2.12699,-4.2515,19.1093,2.03978,3.22444,66.1161,-0.744315,-2.63119,60.8476
-0.679569,3.94841,28.5481,-2.11803,-4.26371,19.0649,2.06695,3.29882,66.2256,-0.73753,-2.57953,60.8518
-0.647085,3.94092,28.437,-2.10481,-4.26427,18.9496,2.09284,3.36911,66.3344,-0.732613,-2.53119,60.8645
-0.615054,3.93267,28.303,-2.09069,-4.26232,18.8167,2.12024,3.43571,66.4429,-0.727974,-2.4869,60.8849
-0.58166,3.92277,28.1358,-2.07593,-4.25735,18.6588,2.1537,3.50356,66.5608,-0.721984,-2.44596,60.9195
-0.546384,3.91874,27.9328,-2.06965,-4.23946,18.3954,2.19365,3.5752,66.6855,-0.715232,-2.40413,60.972
-0.5106,3.92966,27.6628,-2.08796,-4.19078,17.8984,2.23917,3.65575,66.8187,-0.709599,-2.35661,61.0502
-0.471976,3.89547,27.2407,-2.06418,-4.13329,17.5733,2.30762,3.73229,66.9886,-0.69145,-2.32315,61.1405
-0.577676,2.8035,12.154,-1.81928,-1.86902,6.69563,11.8198,5.86432,75.9597,8.91988,-5.07226,69.5353
-0.270546,1.36386,5.29796,-0.805289,-0.731617,2.59964,16.321,8.44971,83.9854,15.4599,-7.33236,76.8126
0.180986,1.25388,4.00972,-0.336682,-0.35848,1.35643,16.9819,9.15979,85.9792,15.3747,-8.81023,78.7187
0.588353,1.88213,4.56644,-0.175567,-0.239416,0.937857,17.0153,9.44582,87.319,14.3549,-10.0297,79.9892
1.04455,3.51823,6.92751,-0.12154,-0.231391,0.846329,14.7474,9.36439,86.9818,11.8944,-10.2678,79.3414
0.5542,4.7603,8.49298,-0.131669,-0.350928,1.02343,13.4549,9.37788,87.4261,10.3647,-10.6706,79.3557
0.0249286,3.36447,19.6528,-1.30976,-2.39584,9.6412,1.43805,2.63071,65.8732,-0.989193,-2.62914,60.6177
-1.77843,4.65013,37.483,-2.91752,-5.30288,26.3686,2.1662,2.88709,65.1306,-0.670872,-3.11729,61.071
-0.939071,3.94756,29.8011,-2.37152,-4.53419,22.0121,1.96841,2.96711,65.7512,-0.73857,-2.87776,60.8377
-0.770442,3.95535,28.6508,-2.1399,-4.19323,19.287,1.96883,3.05155,65.8888,-0.764924,-2.75385,60.851
-0.743303,3.97155,28.6966,-2.1235,-4.20944,19.0242,2.00711,3.14307,66.0035,-0.755007,-2.68601,60.851
-0.713022,3.95909,28.6474,-2.12699,-4.2515,19.1093,2.03978,3.22444,66.1161,-0.744315,-2.63119,60.8476
-0.679569,3.94841,28.5481,-2.11803,-4.26371,19.0649,2.06695,3.29882,66.2256,-0.73753,-2.57953,60.8518
-0.647085,3.94092,28.437,-2.10481,-4.26427,18.9496,2.09284,3.36911,66.3344,-0.732613,-2.53119,60.8645
-0.615054,3.93267,28.303,-2.09069,-4.26232,18.8167,2.12024,3.43571,66.4429,-0.727974,-2.4869,60.8849
-0.58166,3.92277,28.1358,-2.07593,-4.25735,18.6588,2.1537,3.50356,66.5608,-0.721984,-2.44596,60.9195
-0.546384,3.91874,27.9328,-2.06965,-4.23946,18.3954,2.19365,3.5752,66.6855,-0.715232,-2.40413,60.972
-0.5106,3.92966,27.6628,-2.08796,-4.19078,17.8985,2.23917,3.65574,66.8187,-0.709599,-2.35661,61.0502
-0.471976,3.89547,27.2407,-2.06418,-4.13329,17.5733,2.30762,3.73229,66.9886,-0.691451,-2.32315,61.1405
-0.577675,2.8035,12.154,-1.81928,-1.86901,6.69562,11.8198,5.86432,75.9597,8.91988,-5.07226,69.5353
-0.270541,1.36387,5.29798,-0.805286,-0.731614,2.59963,16.321,8.44971,83.9854,15.4599,-7.33235,76.8126
0.180993,1.25389,4.00974,-0.33668,-0.358478,1.35643,16.9819,9.15979,85.9792,15.3747,-8.81023,78.7187
0.588359,1.88214,4.56645,-0.175566,-0.239415,0.937855,17.0153,9.44582,87.319,14.3549,-10.0297,79.9892
1.04455,3.51823,6.92752,-0.121539,-0.23139,0.846326,14.7474,9.36439,86.9818,11.8944,-10.2678,79.3414
0.5542,4.7603,8.49298,-0.131668,-0.350926,1.02342,13.455,9.37787,87.4262,10.3647,-10.6706,79.3557
0.0249286,3.36447,19.6528,-1.30976,-2.39584,9.6412,1.43805,2.63071,65.8732,-0.989193,-2.62914,60.6177
-1.77843,4.65013,37.483,-2.91752,-5.30288,26.3686,2.1662,2.88709,65.1306,-0.670872,-3.11729,61.071
-0.939071,3.94756,29.8011,-2.37152,-4.53419,22.0121,1.96841,2.96711,65.7512,-0.73857,-2.87776,60.8377
-0.770442,3.95535,28.6508,-2.1399,-4.19323,19.287,1.96883,3.05155,65.8888,-0.764924,-2.75385,60.851
-0.743303,3.97155,28.6966,-2.1235,-4.20944,19.0242,2.00711,3.14307,66.0035,-0.755007,-2.68601,60.851
-0.713022,3.95909,28.6474,-2.12699,-4.2515,19.1093,2.03978,3.22444,66.1161,-0.744315,-2.63119,60.8476
-0.679569,3.94841,28.5481,-2.11803,-4.26372,19.0649,2.06695,3.29882,66.2256,-0.73753,-2.57953,60.8518
-0.647085,3.94092,28.437,-2.10481,-4.26427,18.9496,2.09284,3.3691,66.3344,-0.732613,-2.53119,60.8645
-0.615054,3.93267,28.303,-2.09069,-4.26232,18.8167,2.12024,3.43571,66.4429,-0.727974,-2.4869,60.8849
-0.58166,3.92277,28.1358,-2.07593,-4.25735,18.6588,2.1537,3.50356,66.5608,-0.721984,-2.44596,60.9195
-0.546384,3.91874,27.9328,-2.06965,-4.23946,18.3954,2.19365,3.5752,66.6855,-0.715232,-2.40413,60.972
-0.5106,3.92966,27.6628,-2.08796,-4.19078,17.8985,2.23917,3.65574,66.8187,-0.709599,-2.35661,61.0502
-0.471976,3.89547,27.2407,-2.06418,-4.13329,17.5733,2.30762,3.73229,66.9886,-0.691451,-2.32315,61.1405
-0.577674,2.8035,12.154,-1.81928,-1.86901,6.69561,11.8198,5.86432,75.9597,8.91988,-5.07226,69.5353
-0.270538,1.36387,5.29799,-0.805284,-0.731612,2.59963,16.321,8.44971,83.9854,15.4599,-7.33235,76.8126
0.180996,1.25389,4.00975,-0.336679,-0.358477,1.35643,16.9819,9.15979,85.9792,15.3747,-8.81023,78.7187
0.588362,1.88214,4.56646,-0.175566,-0.239414,0.937853,17.0153,9.44582,87.319,14.3549,-10.0297,79.9892
1.04455,3.51823,6.92752,-0.121539,-0.23139,0.846325,14.7474,9.36439,86.9818,11.8944,-10.2678,79.3414
0.554201,4.7603,8.49297,-0.131668,-0.350924,1.02342,13.4549,9.37788,87.4261,10.3647,-10.6706,79.3557
0.0249286,3.36447,19.6528,-1.30976,-2.39584,9.6412,1.43805,2.63071,65.8732,-0.989193,-2.62914,60.6177
-1.77843,4.65013,37.483,-2.91752,-5.30288,26.3686,2.1662,2.88709,65.1306,-0.670873,-3.11729,61.071
-0.939071,3.94756,29.8011,-2.37152,-4.53419,22.0121,1.96841,2.96711,65.7512,-0.73857,-2.87776,60.8377
-0.770442,3.95535,28.6508,-2.1399,-4.19323,19.287,1.96883,3.05155,65.8888,-0.764924,-2.75385,60.851
-0.743303,3.97155,28.6966,-2.1235,-4.20944,19.0242,2.00711,3.14307,66.0035,-0.755007,-2.68601,60.851
-0.713022,3.95909,28.6474,-2.12699,-4.2515,19.1093,2.03978,3.22444,66.1161,-0.744315,-2.63119,60.8476
-0.679569,3.94841,28.5481,-2.11803,-4.26372,19.0649,2.06695,3.29882,66.2256,-0.73753,-2.57953,60.8518
-0.647085,3.94092,28.437,-2.10481,-4.26427,18.9496,2.09284,3.3691,66.3344,-0.732613,-2.53119,60.8645
-0.615054,3.93267,28.303,-2.09069,-4.26232,18.8167,2.12024,3.43571,66.4429,-0.727974,-2.4869,60.8849
-0.58166,3.92277,28.1358,-2.07593,-4.25735,18.6588,2.1537,3.50356,66.5608,-0.721984,-2.44596,60.9195
-0.546384,3.91874,27.9328,-2.06965,-4.23946,18.3954,2.19365,3.5752,66.6855,-0.715232,-2.40413,60.972
-0.5106,3.92966,27.6628,-2.08796,-4.19078,17.8985,2.23917,3.65574,66.8187,-0.709599,-2.35661,61.0502
-0.471976,3.89547,27.2407,-2.06418,-4.13329,17.5733,2.30762,3.73229,66.9886,-0.691451,-2.32315,61.1406
-0.577674,2.8035,12.154,-1.81928,-1.86901,6.69561,11.8198,5.86432,75.9597,8.91988,-5.07226,69.5353
-0.270537,1.36387,5.29799,-0.805284,-0.731611,2.59962,16.321,8.44971,83.9854,15.4599,-7.33235,76.8126
0.180998,1.25389,4.00976,-0.336679,-0.358477,1.35643,16.9819,9.15979,85.9792,15.3747,-8.81023,78.7187
0.588363,1.88214,4.56647,-0.175565,-0.239414,0.937853,17.0153,9.44582,87.319,14.3549,-10.0297,79.9892
1.04455,3.51823,6.92752,-0.121539,-0.231389,0.846324,14.7474,9.36439,86.9818,11.8944,-10.2678,79.3414
0.554201,4.7603,8.49297,-0.131667,-0.350924,1.02342,13.455,9.37788,87.4261,10.3647,-10.6706,79.3557
0.0249286,3.36447,19.6528,-1.30976,-2.39584,9.6412,1.43805,2.63071,65.8732,-0.989193,-2.62914,60.6177
-1.77843,4.65013,37.483,-2.91752,-5.30288,26.3686,2.1662,2.88709,65.1306,-0.670873,-3.11729,61.071
-0.939071,3.94756,29.8011,-2.37152,-4.53419,22.0121,1.96841,2.96711,65.7512,-0.73857,-2.87776,60.8377
-0.770442,3.95535,28.6508,-2.1399,-4.19323,19.287,1.96883,3.05155,65.8888,-0.764924,-2.75385,60.851
-0.743303,3.97155,28.6966,-2.1235,-4.20944,19.0242,2.00711,3.14307,66.0035,-0.755007,-2.68601,60.851
-0.713022,3.95909,28.6474,-2.12699,-4.2515,19.1093,2.03978,3.22444,66.1161,-0.744315,-2.63119,60.8476
-0.679569,3.94841,28.5481,-2.11803,-4.26372,19.0649,2.06695,3.29882,66.2256,-0.73753,-2.57953,60.8518
-0.647085,3.94092,28.437,-2.10481,-4.26427,18.9496,2.09284,3.3691,66.3344,-0.732613,-2.53119,60.8645
-0.615054,3.93267,28.303,-2.09069,-4.26232,18.8167,2.12024,3.43571,66.4429,-0.727974,-2.4869,60.8849
-0.58166,3.92277,28.1358,-2.07593,-4.25735,18.6588,2.1537,3.50356,66.5608,-0.721984,-2.44596,60.9195
-0.546384,3.91874,27.9328,-2.06965,-4.23946,18.3954,2.19365,3.5752,66.6855,-0.715232,-2.40413,60.972
-0.5106,3.92966,27.6628,-2.08796,-4.19078,17.8985,2.23917,3.65574,66.8187,-0.709599,-2.35661,61.0502
-0.471976,3.89547,27.2407,-2.06418,-4.13329,17.5733,2.30762,3.73229,66.9886,-0.691451,-2.32315,61.1406
-0.577674,2.8035,12.154,-1.81928,-1.86901,6.69561,11.8198,5.86432,75.9597,8.91988,-5.07226,69.5353
-0.270536,1.36387,5.29799,-0.805283,-0.731611,2.59962,16.321,8.44971,83.9854,15.4599,-7.33235,76.8126
0.180999,1.25389,4.00976,-0.336679,-0.358477,1.35643,16.9819,9.15979,85.9792,15.3747,-8.81023,78.7187
0.588364,1.88214,4.56647,-0.175565,-0.239414,0.937852,17.0153,9.44582,87.319,14.3549,-10.0297,79.9892
1.04455,3.51823,6.92752,-0.121539,-0.231389,0.846324,14.7474,9.36439,86.9818,11.8944,-10.2678,79.3414
0.554201,4.7603,8.49297,-0.131667,-0.350924,1.02342,13.4549,9.37788,87.4261,10.3647,-10.6706,79.3557
0.0249287,3.36447,19.6528,-1.30976,-2.39584,9.6412,1.43805,2.63071,65.8732,-0.989193,-2.62914,60.6177
-1.77843,4.65013,37.483,-2.91752,-5.30288,26.3686,2.1662,2.88709,65.1306,-0.670872,-3.11729,61.071
-0.939071,3.94756,29.8011,-2.37152,-4.53419,22.0121,1.96841,2.96711,65.7512,-0.73857,-2.87776,60.8377
-0.770442,3.95535,28.6508,-2.1399,-4.19323,19.287,1.96883,3.05155,65.8888,-0.764924,-2.75385,60.851
-0.743303,3.97155,28.6966,-2.1235,-4.20944,19.0242,2.00711,3.14307,66.0035,-0.755007,-2.68601,60.851
-0.713022,3.95909,28.6474,-2.12699,-4.2515,19.1093,2.03978,3.22444,66.1161,-0.744315,-2.63119,60.8476
-0.679569,3.94841,28.5481,-2.11803,-4.26371,19.0649,2.06695,3.29882,66.2256,-0.73753,-2.57953,60.8518
-0.647085,3.94092,28.437,-2.10481,-4.26427,18.9496,2.09284,3.36911,66.3344,-0.732613,-2.53119,60.8645
-0.615054,3.93267,28.303,-2.09069,-4.26232,18.8167,2.12024,3.43571,66.4429,-0.727974,-2.4869,60.8849
-0.58166,3.92277,28.1358,-2.07593,-4.25735,18.6588,2.1537,3.50356,66.5608,-0.721984,-2.44596,60.9195
-0.546384,3.91874,27.9328,-2.06965,-4.23946,18.3954,2.19365,3.5752,66.6855,-0.715232,-2.40413,60.972
-0.5106,3.92966,27.6628,-2.08796,-4.19078,17.8984,2.23917,3.65575,66.8187,-0.709599,-2.35661,61.0502
-0.471976,3.89547,27.2407,-2.06418,-4.13329,17.5733,2.30762,3.73229,66.9886,-0.69145,-2.32315,61.1405
-0.577676,2.8035,12.154,-1.81928,-1.86902,6.69563,11.8198,5.86432,75.9597,8.91988,-5.07226,69.5353
-0.270546,1.36386,5.29796,-0.805289,-0.731617,2.59964,16.321,8.44971,83.9854,15.4599,-7.33236,76.8126
0.180987,1.25388,4.00972,-0.336681,-0.35848,1.35643,16.9819,9.15979,85.9792,15.3747,-8.81023,78.7187
0.588354,1.88213,4.56644,-0.175567,-0.239416,0.937857,17.0153,9.44582,87.319,14.3549,-10.0297,79.9892
1.04455,3.51823,6.92751,-0.12154,-0.231391,0.846328,14.7474,9.36439,86.9818,11.8944,-10.2678,79.3414
0.5542,4.7603,8.49298,-0.131669,-0.350928,1.02343,13.4549,9.37788,87.4261,10.3647,-10.6706,79.3557
0.0249286,3.36447,19.6528,-1.30976,-2.39584,9.6412,1.43805,2.63071,65.8732,-0.989193,-2.62914,60.6177
-1.77843,4.65013,37.483,-2.91752,-5.30288,26.3686,2.1662,2.88709,65.1306,-0.670872,-3.11729,61.071
-0.939071,3.94756,29.8011,-2.37152,-4.53419,22.0121,1.96841,2.96711,65.7512,-0.73857,-2.87776,60.8377
-0.770442,3.95535,28.6508,-2.1399,-4.19323,19.287,1.96883,3.05155,65.8888,-0.764924,-2.75385,60.851
-0.743303,3.97155,28.6966,-2.1235,-4.20944,19.0242,2.00711,3.14307,66.0035,-0.755007,-2.68601,60.851
-0.713022,3.95909,28.6474,-2.12699,-4.2515,19.1093,2.03978,3.22444,66.1161,-0.744315,-2.63119,60.8476
-0.679569,3.94841,28.5481,-2.11803,-4.26371,19.0649,2.06695,3.29882,66.2256,-0.73753,-2.57953,60.8518
-0.647085,3.94092,28.437,-2.10481,-4.26427,18.9496,2.09284,3.36911,66.3344,-0.732613,-2.53119,60.8645
-0.615054,3.93267,28.303,-2.09069,-4.26232,18.8167,2.12024,3.43571,66.4429,-0.727974,-2.4869,60.8849
-0.58166,3.92277,28.1358,-2.07593,-4.25735,18.6588,2.1537,3.50356,66.5608,-0.721984,-2.44596,60.9195
-0.546384,3.91874,27.9328,-2.06965,-4.23946,18.3954,2.19365,3.5752,66.6855,-0.715232,-2.40413,60.972
-0.5106,3.92966,27.6628,-2.08796,-4.19078,17.8985,2.23917,3.65574,66.8187,-0.709599,-2.35661,61.0502
-0.471976,3.89547,27.2407,-2.06418,-4.13329,17.5733,2.30762,3.73229,66.9886,-0.691451,-2.32315,61.1405
-0.577675,2.8035,12.154,-1.81928,-1.86901,6.69562,11.8198,5.86432,75.9597,8.91988,-5.07226,69.5353
-0.270541,1.36387,5.29798,-0.805286,-0.731614,2.59963,16.321,8.44971,83.9854,15.4599,-7.33235,76.8126
0.180993,1.25389,4.00974,-0.33668,-0.358478,1.35643,16.9819,9.15979,85.9792,15.3747,-8.81023,78.7187
0.588359,1.88214,4.56645,-0.175566,-0.239415,0.937855,17.0153,9.44582,87.319,14.3549,-10.0297,79.9892
1.04455,3.51823,6.92752,-0.121539,-0.23139,0.846326,14.7474,9.36439,86.9818,11.8944,-10.2678,79.3414
0.5542,4.7603,8.49298,-0.131668,-0.350926,1.02342,13.455,9.37787,87.4262,10.3647,-10.6706,79.3557
0.0249286,3.36447,19.6528,-1.30976,-2.39584,9.6412,1.43805,2.63071,65.8732,-0.989193,-2.62914,60.6177
-1.77843,4.65013,37.483,-2.91752,-5.30288,26.3686,2.1662,2.88709,65.1306,-0.670872,-3.11729,61.071
-0.939071,3.94756,29.8011,-2.37152,-4.53419,22.0121,1.96841,2.96711,65.7512,-0.73857,-2.87776,60.8377
-0.770442,3.95535,28.6508,-2.1399,-4.19323,19.287,1.96883,3.05155,65.8888,-0.764924,-2.75385,60.851
-0.743303,3.97155,28.6966,-2.1235,-4.20944,19.0242,2.00711,3.14307,66.0035,-0.755007,-2.68601,60.851
-0.713022,3.95909,28.6474,-2.12699,-4.2515,19.1093,2.03978,3.22444,66.1161,-0.744315,-2.63119,60.8476
-0.679569,3.94841,28.5481,-2.11803,-4.26372,19.0649,2.06695,3.29882,66.2256,-0.73753,-2.57953,60.8518
-0.647085,3.94092,28.437,-2.10481,-4.26427,18.9496,2.09284,3.36911,66.3344,-0.732613,-2.53119,60.8645
-0.615054,3.93267,28.303,-2.09069,-4.26232,18.8167,2.12024,3.43571,66.4429,-0.727974,-2.4869,60.8849
-0.58166,3.92277,28.1358,-2.07593,-4.25735,18.6588,2.1537,3.50356,66.5608,-0.721984,-2.44596,60.9195
-0.546384,3.91874,27.9328,-2.06965,-4.23946,18.3954,2.19365,3.5752,66.6855,-0.715232,-2.40413,60.972
-0.5106,3.92966,27.6628,-2.08796,-4.19078,17.8985,2.23917,3.65574,66.8187,-0.709599,-2.35661,61.0502
-0.471976,3.89547,27.2407,-2.06418,-4.13329,17.5733,2.30762,3.73229,66.9886,-0.691451,-2.32315,61.1405
-0.577674,2.8035,12.154,-1.81928,-1.86901,6.69562,11.8198,5.86432,75.9597,8.91988,-5.07226,69.5353
-0.270539,1.36387,5.29799,-0.805285,-0.731612,2.59963,16.321,8.44971,83.9854,15.4599,-7.33235,76.8126
0.180996,1.25389,4.00975,-0.336679,-0.358477,1.35643,16.9819,9.15979,85.9792,15.3747,-8.81023,78.7187
0.588361,1.88214,4.56646,-0.175566,-0.239414,0.937853,17.0153,9.44582,87.319,14.3549,-10.0297,79.9892
1.04455,3.51823,6.92752,-0.121539,-0.23139,0.846325,14.7474,9.36439,86.9818,11.8944,-10.2678,79.3414
0.554201,4.7603,8.49297,-0.131668,-0.350925,1.02342,13.4549,9.37788,87.4261,10.3647,-10.6706,79.3557
0.0249287,3.36447,19.6528,-1.30976,-2.39584,9.6412,1.43805,2.63071,65.8732,-0.989193,-2.62914,60.6177
-1.77843,4.65013,37.483,-2.91752,-5.30288,26.3686,2.1662,2.88709,65.1306,-0.670872,-3.11729,61.071
-0.939071,3.94756,29.8011,-2.37152,-4.53419,22.0121,1.96841,2.96711,65.7512,-0.73857,-2.87776,60.8377
-0.770442,3.95535,28.6508,-2.1399,-4.19323,19.287,1.96883,3.05155,65.8888,-0.764924,-2.75385,60.851
-0.743303,3.97155,28.6966,-2.1235,-4.20944,19.0242,2.00711,3.14307,66.0035,-0.755007,-2.68601,60.851
-0.713022,3.95909,28.6474,-2.12699,-4.2515,19.1093,2.03978,3.22444,66.1161,-0.744315,-2.63119,60.8476
-0.679569,3.94841,28.5481,-2.11803,-4.26371,19.0649,2.06695,3.29882,66.2256,-0.73753,-2.57953,60.8518
-0.647085,3.94092,28.437,-2.10481,-4.26427,18.9496,2.09284,3.36911,66.3344,-0.732613,-2.53119,60.8645
-0.615054,3.93267,28.303,-2.09069,-4.26232,18.8167,2.12024,3.43571,66.4429,-0.727974,-2.4869,60.8849
-0.58166,3.92277,28.1358,-2.07593,-4.25735,18.6588,2.1537,3.50356,66.5608,-0.721984,-2.44596,60.9195
-0.546384,3.91874,27.9328,-2.06965,-4.23946,18.3954,2.19365,3.5752,66.6855,-0.715232,-2.40413,60.972
-0.5106,3.92966,27.6628,-2.08796,-4.19078,17.8985,2.23917,3.65574,66.8187,-0.709599,-2.35661,61.0502
-0.471976,3.89547,27.2407,-2.06418,-4.13329,17.5733,2.30762,3.73229,66.9886,-0.691451,-2.32315,61.1405
-0.577676,2.8035,12.154,-1.81928,-1.86902,6.69563,11.8198,5.86432,75.9597,8.91988,-5.07226,69.5353
-0.270544,1.36386,5.29797,-0.805288,-0.731616,2.59963,16.321,8.44971,83.9854,15.4599,-7.33236,76.8126
0.180989,1.25388,4.00973,-0.336681,-0.358479,1.35643,16.9819,9.15979,85.9792,15.3747,-8.81023,78.7187
0.588355,1.88213,4.56644,-0.175566,-0.239415,0.937856,17.0153,9.44582,87.319,14.3549,-10.0297,79.9892
1.04455,3.51823,6.92752,-0.12154,-0.231391,0.846327,14.7474,9.36439,86.9818,11.8944,-10.2678,79.3414
0.5542,4.7603,8.49298,-0.131669,-0.350927,1.02342,13.4549,9.37788,87.4261,10.3647,-10.6706,79.3557
0.0249286,3.36447,19.6528,-1.30976,-2.39584,9.6412,1.43805,2.63071,65.8732,-0.989193,-2.62914,60.6177
-1.77843,4.65013,37.483,-2.91752,-5.30288,26.3686,2.1662,2.88709,65.1306,-0.670872,-3.11729,61.071
-0.939071,3.94756,29.8011,-2.37152,-4.53419,22.0121,1.96841,2.96711,65.7512,-0.73857,-2.87776,60.8377
-0.770442,3.95535,28.6508,-2.1399,-4.19323,19.287,1.96883,3.05155,65.8888,-0.764924,-2.75385,60.851
-0.743303,3.97155,28.6966,-2.1235,-4.20944,19.0242,2.00711,3.14307,66.0035,-0.755007,-2.68601,60.851
-0.713022,3.95909,28.6474,-2.12699,-4.2515,19.1093,2.03978,3.22444,66.1161,-0.744315,-2.63119,60.8476
-0.679569,3.94841,28.5481,-2.11803,-4.26371,19.0649,2.06695,3.29882,66.2256,-0.73753,-2.57953,60.8518
-0.647085,3.94092,28.437,-2.10481,-4.26427,18.9496,2.09284,3.36911,66.3344,-0.732613,-2.53119,60.8645
-0.615054,3.93267,28.303,-2.09069,-4.26232,18.8167,2.12024,3.43571,66.4429,-0.727974,-2.4869,60.8849
-0.58166,3.92277,28.1358,-2.07593,-4.25735,18.6588,2.1537,3.50356,66.5608,-0.721984,-2.44596,60.9195
-0.546384,3.91874,27.9328,-2.06965,-4.23946,18.3954,2.19365,3.5752,66.6855,-0.715232,-2.40413,60.972
-0.5106,3.92966,27.6628,-2.08796,-4.19078,17.8985,2.23917,3.65574,66.8187,-0.709599,-2.35661,61.0502
-0.471976,3.89547,27.2407,-2.06418,-4.13329,17.5733,2.30762,3.73229,66.9886,-0.691451,-2.32315,61.1405
-0.577675,2.8035,12.154,-1.81928,-1.86901,6.69562,11.8198,5.86432,75.9597,8.91988,-5.07226,69.5353
-0.270541,1.36387,5.29798,-0.805286,-0.731614,2.59963,16.321,8.44971,83.9854,15.4599,-7.33236,76.8126
0.180992,1.25389,4.00974,-0.33668,-0.358478,1.35643,16.9819,9.15979,85.9792,15.3747,-8.81023,78.7187
0.588358,1.88213,4.56645,-0.175566,-0.239415,0.937855,17.0153,9.44582,87.319,14.3549,-10.0297,79.9892
1.04455,3.51823,6.92752,-0.121539,-0.23139,0.846326,14.7474,9.36439,86.9818,11.8944,-10.2678,79.3414
0.5542,4.7603,8.49298,-0.131668,-0.350926,1.02342,13.4549,9.37788,87.4261,10.3647,-10.6706,79.3557
0.0249286,3.36447,19.6528,-1.30976,-2.39584,9.6412,1.43805,2.63071,65.8732,-0.989193,-2.62914,60.6177
-1.77843,4.65013,37.483,-2.91752,-5.30288,26.3686,2.1662,2.88709,65.1306,-0.670872,-3.11729,61.071
-0.939071,3.94756,29.8011,-2.37152,-4.53419,22.0121,1.96841,2.96711,65.7512,-0.73857,-2.87776,60.8377
-0.770442,3.95535,28.6508,-2.1399,-4.19323,19.287,1.96883,3.05155,65.8888,-0.764924,-2.75385,60.851
-0.743303,3.97155,28.6966,-2.1235,-4.20944,19.0242,2.00711,3.14307,66.0035,-0.755007,-2.68601,60.851
-0.713022,3.95909,28.6474,-2.12699,-4.2515,19.1093,2.03978,3.22444,66.1161,-0.744315,-2.63119,60.8476
-0.679569,3.94841,28.5481,-2.11803,-4.26371,19.0649,2.06695,3.29882,66.2256,-0.73753,-2.57953,60.8518
-0.647085,3.94092,28.437,-2.10481,-4.26427,18.9496,2.09284,3.36911,66.3344,-0.732613,-2.53119,60.8645
-0.615054,3.93267,28.303,-2.09069,-4.26232,18.8167,2.12024,3.43571,66.4429,-0.727974,-2.4869,60.8849
-0.58166,3.92277,28.1358,-2.07593,-4.25735,18.6588,2.1537,3.50356,66.5608,-0.721984,-2.44596,60.9195
-0.546384,3.91874,27.9328,-2.06965,-4.23946,18.3954,2.19365,3.5752,66.6855,-0.715232,-2.40413,60.972
-0.5106,3.92966,27.6628,-2.08796,-4.19078,17.8985,2.23917,3.65574,66.8187,-0.709599,-2.35661,61.0502
-0.471976,3.89547,27.2407,-2.06418,-4.13329,17.5733,2.30762,3.73229,66.9886,-0.691451,-2.32315,61.1405
-0.577675,2.8035,12.154,-1.81928,-1.86901,6.69562,11.8198,5.86432,75.9597,8.91988,-5.07226,69.5353
-0.27054,1.36387,5.29798,-0.805285,-0.731613,2.59963,16.321,8.44971,83.9854,15.4599,-7.33235,76.8126
0.180994,1.25389,4.00975,-0.33668,-0.358478,1.35643,16.9819,9.15979,85.9792,15.3747,-8.81023,78.7187
0.58836,1.88214,4.56646,-0.175566,-0.239415,0.937854,17.0153,9.44582,87.319,14.3549,-10.0297,79.9892
1.04455,3.51823,6.92752,-0.121539,-0.23139,0.846325,14.7474,9.3644,86.9818,11.8944,-10.2678,79.3414
0.5542,4.7603,8.49298,-0.131668,-0.350925,1.02342,13.4549,9.37788,87.4261,10.3647,-10.6706,79.3557
0.0249287,3.36447,19.6528,-1.30976,-2.39584,9.6412,1.43805,2.63071,65.8732,-0.989193,-2.62914,60.6177
-1.77843,4.65013,37.483,-2.91752,-5.30288,26.3686,2.1662,2.88709,65.1306,-0.670872,-3.11729,61.071
-0.939071,3.94756,29.8011,-2.37152,-4.53419,22.0121,1.96841,2.96711,65.7512,-0.73857,-2.87776,60.8377
-0.770442,3.95535,28.6508,-2.1399,-4.19323,19.287,1.96883,3.05155,65.8888,-0.764924,-2.75385,60.851
-0.743303,3.97155,28.6966,-2.1235,-4.20944,19.0242,2.00711,3.14307,66.0035,-0.755007,-2.68601,60.851
-0.713022,3.95909,28.6474,-2.12699,-4.2515,19.1093,2.03978,3.22444,66.1161,-0.744315,-2.63119,60.8476
-0.679569,3.94841,28.5481,-2.11803,-4.26371,19.0649,2.06695,3.29882,66.2256,-0.73753,-2.57953,60.8518
-0.647085,3.94092,28.437,-2.10481,-4.26427,18.9496,2.09284,3.36911,66.3344,-0.732613,-2.53119,60.8645
-0.615054,3.93267,28.303,-2.09069,-4.26232,18.8167,2.12024,3.43571,66.4429,-0.727974,-2.4869,60.8849
-0.58166,3.92277,28.1358,-2.07593,-4.25735,18.6588,2.1537,3.50356,66.5608,-0.721984,-2.44596,60.9195
-0.546384,3.91874,27.9328,-2.06965,-4.23946,18.3954,2.19365,3.5752,66.6855,-0.715232,-2.40413,60.972
-0.5106,3.92966,27.6628,-2.08796,-4.19078,17.8985,2.23917,3.65574,66.8187,-0.709599,-2.35661,61.0502
-0.471976,3.89547,27.2407,-2.06418,-4.13329,17.5733,2.30762,3.73229,66.9886,-0.691451,-2.32315,61.1405
-0.577675,2.8035,12.154,-1.81928,-1.86902,6.69562,11.8198,5.86432,75.9597,8.91988,-5.07226,69.5353
-0.270543,1.36386,5.29797,-0.805287,-0.731615,2.59963,16.321,8.44971,83.9854,15.4599,-7.33236,76.8126
0.18099,1.25388,4.00973,-0.336681,-0.358479,1.35643,16.9819,9.15979,85.9792,15.3747,-8.81023,78.7187
0.588357,1.88213,4.56645,-0.175566,-0.239415,0.937856,17.0153,9.44582,87.319,14.3549,-10.0297,79.9892
1.04455,3.51823,6.92752,-0.12154,-0.231391,0.846327,14.7474,9.3644,86.9818,11.8944,-10.2678,79.3414
0.5542,4.7603,8.49298,-0.131668,-0.350927,1.02342,13.4549,9.37788,87.4261,10.3647,-10.6706,79.3557
0.0249286,3.36447,19.6528,-1.30976,-2.39584,9.6412,1.43805,2.63071,65.8732,-0.989193,-2.62914,60.6177
-1.77843,4.65013,37.483,-2.91752,-5.30288,26.3686,2.1662,2.88709,65.1306,-0.670872,-3.11729,61.071
-0.939071,3.94756,29.8011,-2.37152,-4.53419,22.0121,1.96841,2.96711,65.7512,-0.73857,-2.87776,60.8377
-0.770442,3.95535,28.6508,-2.1399,-4.19323,19.287,1.96883,3.05155,65.8888,-0.764924,-2.75385,60.851
-0.743303,3.97155,28.6966,-2.1235,-4.20944,19.0242,2.00711,3.14307,66.0035,-0.755007,-2.68601,60.851
-0.713022,3.95909,28.6474,-2.12699,-4.2515,19.1093,2.03978,3.22444,66.1161,-0.744315,-2.63119,60.8476
-0.679569,3.94841,28.5481,-2.11803,-4.26371,19.0649,2.06695,3.29882,66.2256,-0.73753,-2.57953,60.8518
-0.647085,3.94092,28.437,-2.10481,-4.26427,18.9496,2.09284,3.36911,66.3344,-0.732613,-2.53119,60.8645
-0.615054,3.93267,28.303,-2.09069,-4.26232,18.8167,2.12024,3.43571,66.4429,-0.727974,-2.4869,60.8849
-0.58166,3.92277,28.1358,-2.07593,-4.25735,18.6588,2.1537,3.50356,66.5608,-0.721984,-2.44596,60.9195
-0.546384,3.91874,27.9328,-2.06965,-4.23946,18.3954,2.19365,3.5752,66.6855,-0.715232,-2.40413,60.972
-0.5106,3.92966,27.6628,-2.08796,-4.19078,17.8985,2.23917,3.65574,66.8187,-0.709599,-2.35661,61.0502
-0.471976,3.89547,27.2407,-2.06418,-4.13329,17.5733,2.30762,3.73229,66.9886,-0.691451,-2.32315,61.1405
-0.577675,2.8035,12.154,-1.81928,-1.86901,6.69562,11.8198,5.86432,75.9597,8.91988,-5.07226,69.5353
-0.270542,1.36386,5.29798,-0.805286,-0.731614,2.59963,16.321,8.44971,83.9854,15.4599,-7.33236,76.8126
0.180992,1.25389,4.00974,-0.33668,-0.358478,1.35643,16.9819,9.15979,85.9792,15.3747,-8.81023,78.7187
0.588358,1.88213,4.56645,-0.175566,-0.239415,0.937855,17.0153,9.44582,87.319,14.3549,-10.0297,79.9892
1.04455,3.51823,6.92752,-0.121539,-0.23139,0.846326,14.7474,9.36439,86.9818,11.8944,-10.2678,79.3414
0.5542,4.7603,8.49298,-0.131668,-0.350926,1.02342,13.4549,9.37788,87.4261,10.3647,-10.6706,79.3557
0.0249286,3.36447,19.6528,-1.30976,-2.39584,9.6412,1.43805,2.63071,65.8732,-0.989193,-2.62914,60.6177
-1.77843,4.65013,37.483,-2.91752,-5.30288,26.3686,2.1662,2.88709,65.1306,-0.670872,-3.11729,61.071
-0.939071,3.94756,29.8011,-2.37152,-4.53419,22.0121,1.96841,2.96711,65.7512,-0.73857,-2.87776,60.8377
-0.770442,3.95535,28.6508,-2.1399,-4.19323,19.287,1.96883,3.05155,65.8888,-0.764924,-2.75385,60.851
-0.743303,3.97155,28.6966,-2.1235,-4.20944,19.0242,2.00711,3.14307,66.0035,-0.755007,-2.68601,60.851
-0.713022,3.95909,28.6474,-2.12699,-4.2515,19.1093,2.03978,3.22444,66.1161,-0.744315,-2.63119,60.8476
-0.679569,3.94841,28.5481,-2.11803,-4.26371,19.0649,2.06695,3.29882,66.2256,-0.73753,-2.57953,60.8518
-0.647085,3.94092,28.437,-2.10481,-4.26427,18.9496,2.09284,3.36911,66.3344,-0.732613,-2.53119,60.8645
-0.615054,3.93267,28.303,-2.09069,-4.26232,18.8167,2.12024,3.43571,66.4429,-0.727974,-2.4869,60.8849
-0.58166,3.92277,28.1358,-2.07593,-4.25735,18.6588,2.1537,3.50356,66.5608,-0.721984,-2.44596,60.9195
-0.546384,3.91874,27.9328,-2.06965,-4.23946,18.3954,2.19365,3.5752,66.6855,-0.715232,-2.40413,60.972
-0.5106,3.92966,27.6628,-2.08796,-4.19078,17.8985,2.23917,3.65574,66.8187,-0.709599,-2.35661,61.0502
-0.471976,3.89547,27.2407,-2.06418,-4.13329,17.5733,2.30762,3.73229,66.9886,-0.691451,-2.32315,61.1405
-0.577675,2.8035,12.154,-1.81928,-1.86901,6.69562,11.8198,5.86432,75.9597,8.91988,-5.07226,69.5353
-0.270541,1.36387,5.29798,-0.805286,-0.731614,2.59963,16.321,8.44971,83.9854,15.4599,-7.33235,76.8126
0.180993,1.25389,4.00974,-0.33668,-0.358478,1.35643,16.9819,9.15979,85.9792,15.3747,-8.81023,78.7187
0.588359,1.88214,4.56645,-0.175566,-0.239415,0.937854,17.0153,9.44582,87.319,14.3549,-10.0297,79.9892
1.04455,3.51823,6.92752,-0.121539,-0.23139,0.846326,14.7474,9.36439,86.9818,11.8944,-10.2678,79.3414
0.5542,4.7603,8.49298,-0.131668,-0.350926,1.02342,13.455,9.37788,87.4261,10.3647,-10.6706,79.3557
0.0249286,3.36447,19.6528,-1.30976,-2.39584,9.6412,1.43805,2.63071,65.8732,-0.989193,-2.62914,60.6177
-1.77843,4.65013,37.483,-2.91752,-5.30288,26.3686,2.1662,2.88709,65.1306,-0.670872,-3.11729,61.071
-0.939071,3.94756,29.8011,-2.37152,-4.53419,22.0121,1.96841,2.96711,65.7512,-0.73857,-2.87776,60.8377
-0.770442,3.95535,28.6508,-2.1399,-4.19323,19.287,1.96883,3.05155,65.8888,-0.764924,-2.75385,60.851
-0.743303,3.97155,28.6966,-2.1235,-4.20944,19.0242,2.00711,3.14307,66.0035,-0.755007,-2.68601,60.851
-0.713022,3.95909,28.6474,-2.12699,-4.2515,19.1093,2.03978,3.22444,66.1161,-0.744315,-2.63119,60.8476
-0.679569,3.94841,28.5481,-2.11803,-4.26371,19.0649,2.06695,3.29882,66.2256,-0.73753,-2.57953,60.8518
-0.647085,3.94092,28.437,-2.10481,-4.26427,18.9496,2.09284,3.36911,66.3344,-0.732613,-2.53119,60.8645
-0.615054,3.93267,28.303,-2.09069,-4.26232,18.8167,2.12024,3.43571,66.4429,-0.727974,-2.4869,60.8849
-0.58166,3.92277,28.1358,-2.07593,-4.25735,18.6588,2.1537,3.50356,66.5608,-0.721984,-2.44596,60.9195
-0.546384,3.91874,27.9328,-2.06965,-4.23946,18.3954,2.19365,3.5752,66.6855,-0.715232,-2.40413,60.972
-0.5106,3.92966,27.6628,-2.08796,-4.19078,17.8985,2.23917,3.65574,66.8187,-0.709599,-2.35661,61.0502
-0.471976,3.89547,27.2407,-2.06418,-4.13329,17.5733,2.30762,3.73229,66.9886,-0.691451,-2.32315,61.1405
-0.577675,2.8035,12.154,-1.81928,-1.86901,6.69562,11.8198,5.86432,75.9597,8.91988,-5.07226,69.5353
-0.27054,1.36387,5.29798,-0.805286,-0.731614,2.59963,16.321,8.44971,83.9854,15.4599,-7.33235,76.8126
0.180994,1.25389,4.00974,-0.33668,-0.358478,1.35643,16.9819,9.15979,85.9792,15.3747,-8.81023,78.7187
0.58836,1.88214,4.56646,-0.175566,-0.239415,0.937854,17.0153,9.44582,87.319,14.3549,-10.0297,79.9892
1.04455,3.51823,6.92752,-0.121539,-0.23139,0.846326,14.7474,9.36439,86.9818,11.8944,-10.2678,79.3414
0.5542,4.7603,8.49298,-0.131668,-0.350925,1.02342,13.4549,9.37788,87.4261,10.3647,-10.6706,79.3557
0.0249286,3.36447,19.6528,-1.30976,-2.39584,9.6412,1.43805,2.63071,65.8732,-0.989193,-2.62914,60.6177
-1.77843,4.65013,37.483,-2.91752,-5.30288,26.3686,2.1662,2.88709,65.1306,-0.670872,-3.11729,61.071
-0.939071,3.94756,29.8011,-2.37152,-4.53419,22.0121,1.96841,2.96711,65.7512,-0.73857,-2.87776,60.8377
-0.770442,3.95535,28.6508,-2.1399,-4.19323,19.287,1.96883,3.05155,65.8888,-0.764924,-2.75385,60.851
-0.743303,3.97155,28.6966,-2.1235,-4.20944,19.0242,2.00711,3.14307,66.0035,-0.755007,-2.68601,60.851
-0.713022,3.95909,28.6474,-2.12699,-4.2515,19.1093,2.03978,3.22444,66.1161,-0.744315,-2.63119,60.8476
-0.679569,3.94841,28.5481,-2.11803,-4.26371,19.0649,2.06695,3.29882,66.2256,-0.73753,-2.57953,60.8518
-0.647085,3.94092,28.437,-2.10481,-4.26427,18.9496,2.09284,3.36911,66.3344,-0.732613,-2.53119,60.8645
-0.615054,3.93267,28.303,-2.09069,-4.26232,18.8167,2.12024,3.43571,66.4429,-0.727974,-2.4869,60.8849
-0.58166,3.92277,28.1358,-2.07593,-4.25735,18.6588,2.1537,3.50356,66.5608,-0.721984,-2.44596,60.9195
-0.546384,3.91874,27.9328,-2.06965,-4.23946,18.3954,2.19365,3.5752,66.6855,-0.715232,-2.40413,60.972
-0.5106,3.92966,27.6628,-2.08796,-4.19078,17.8985,2.23917,3.65574,66.8187,-0.709599,-2.35661,61.0502
-0.471976,3.89547,27.2407,-2.06418,-4.13329,17.5733,2.30762,3.73229,66.9886,-0.691451,-2.32315,61.1405
-0.577675,2.8035,12.154,-1.81928,-1.86901,6.69562,11.8198,5.86432,75.9597,8.91988,-5.07226,69.5353
-0.27054,1.36387,5.29798,-0.805285,-0.731613,2.59963,16.321,8.44971,83.9854,15.4599,-7.33235,76.8126
0.180994,1.25389,4.00975,-0.33668,-0.358478,1.35643,16.9819,9.15979,85.9792,15.3747,-8.81023,78.7187
0.58836,1.88214,4.56646,-0.175566,-0.239415,0.937854,17.0153,9.44582,87.319,14.3549,-10.0297,79.9892
1.04455,3.51823,6.92752,-0.121539,-0.23139,0.846326,14.7474,9.36439,86.9818,11.8944,-10.2678,79.3414
0.5542,4.7603,8.49298,-0.131668,-0.350925,1.02342,13.455,9.37787,87.4261,10.3647,-10.6706,79.3557
0.0249286,3.36447,19.6528,-1.30976,-2.39584,9.6412,1.43805,2.63071,65.8732,-0.989193,-2.62914,60.6177
-1.77843,4.65013,37.483,-2.91752,-5.30288,26.3686,2.1662,2.88709,65.1306,-0.670872,-3.11729,61.071
-0.939071,3.94756,29.8011,-2.37152,-4.53419,22.0121,1.96841,2.96711,65.7512,-0.73857,-2.87776,60.8377
-0.770442,3.95535,28.6508,-2.1399,-4.19323,19.287,1.96883,3.05155,65.8888,-0.764924,-2.75385,60.851
-0.743303,3.97155,28.6966,-2.1235,-4.20944,19.0242,2.00711,3.14307,66.0035,-0.755007,-2.68601,60.851
-0.713022,3.95909,28.6474,-2.12699,-4.2515,19.1093,2.03978,3.22444,66.1161,-0.744315,-2.63119,60.8476
-0.679569,3.94841,28.5481,-2.11803,-4.26371,19.0649,2.06695,3.29882,66.2256,-0.73753,-2.57953,60.8518
-0.647085,3.94092,28.437,-2.10481,-4.26427,18.9496,2.09284,3.36911,66.3344,-0.732613,-2.53119,60.8645
-0.615054,3.93267,28.303,-2.09069,-4.26232,18.8167,2.12024,3.43571,66.4429,-0.727974,-2.4869,60.8849
-0.58166,3.92277,28.1358,-2.07593,-4.25735,18.6588,2.1537,3.50356,66.5608,-0.721984,-2.44596,60.9195
-0.546384,3.91874,27.9328,-2.06965,-4.23946,18.3954,2.19365,3.5752,66.6855,-0.715232,-2.40413,60.972
-0.5106,3.92966,27.6628,-2.08796,-4.19078,17.8985,2.23917,3.65574,66.8187,-0.709599,-2.35661,61.0502
-0.471976,3.89547,27.2407,-2.06418,-4.13329,17.5733,2.30762,3.73229,66.9886,-0.691451,-2.32315,61.1405
-0.577675,2.8035,12.154,-1.81928,-1.86901,6.69562,11.8198,5.86432,75.9597,8.91988,-5.07226,69.5353
-0.27054,1.36387,5.29798,-0.805285,-0.731613,2.59963,16.321,8.44971,83.9854,15.4599,-7.33235,76.8126
0.180994,1.25389,4.00975,-0.33668,-0.358478,1.35643,16.9819,9.15979,85.9792,15.3747,-8.81023,78.7187
0.58836,1.88214,4.56646,-0.175566,-0.239415,0.937854,17.0153,9.44582,87.319,14.3549,-10.0297,79.9892
1.04455,3.51823,6.92752,-0.121539,-0.23139,0.846326,14.7474,9.36439,86.9818,11.8944,-10.2678,79.3414
0.5542,4.7603,8.49298,-0.131668,-0.350925,1.02342,13.4549,9.37788,87.4261,10.3647,-10.6706,79.3557
0.0249286,3.36447,19.6528,-1.30976,-2.39584,9.6412,1.43805,2.63071,65.8732,-0.989193,-2.62914,60.6177
-1.77843,4.65013,37.483,-2.91752,-5.30288,26.3686,2.1662,2.88709,65.1306,-0.670872,-3.11729,61.071
-0.939071,3.94756,29.8011,-2.37152,-4.53419,22.0121,1.96841,2.96711,65.7512,-0.73857,-2.87776,60.8377
-0.770442,3.95535,28.6508,-2.1399,-4.19323,19.287,1.96883,3.05155,65.8888,-0.764924,-2.75385,60.851
-0.743303,3.97155,28.6966,-2.1235,-4.20944,19.0242,2.00711,3.14307,66.0035,-0.755007,-2.68601,60.851
-0.713022,3.95909,28.6474,-2.12699,-4.2515,19.1093,2.03978,3.22444,66.1161,-0.744315,-2.63119,60.8476
-0.679569,3.94841,28.5481,-2.11803,-4.26371,19.0649,2.06695,3.29882,66.2256,-0.73753,-2.57953,60.8518
-0.647085,3.94092,28.437,-2.10481,-4.26427,18.9496,2.09284,3.36911,66.3344,-0.732613,-2.53119,60.8645
-0.615054,3.93267,28.303,-2.09069,-4.26232,18.8167,2.12024,3.43571,66.4429,-0.727974,-2.4869,60.8849
-0.58166,3.92277,28.1358,-2.07593,-4.25735,18.6588,2.1537,3.50356,66.5608,-0.721984,-2.44596,60.9195
-0.546384,3.91874,27.9328,-2.06965,-4.23946,18.3954,2.19365,3.5752,66.6855,-0.715232,-2.40413,60.972
-0.5106,3.92966,27.6628,-2.08796,-4.19078,17.8985,2.23917,3.65574,66.8187,-0.709599,-2.35661,61.0502
-0.471976,3.89547,27.2407,-2.06418,-4.13329,17.5733,2.30762,3.73229,66.9886,-0.691451,-2.32315,61.1405
-0.577675,2.8035,12.154,-1.81928,-1.86901,6.69562,11.8198,5.86432,75.9597,8.91988,-5.07226,69.5353
-0.27054,1.36387,5.29798,-0.805285,-0.731613,2.59963,16.321,8.44971,83.9854,15.4599,-7.33235,76.8126
0.180994,1.25389,4.00975,-0.33668,-0.358478,1.35643,16.9819,9.15979,85.9792,15.3747,-8.81023,78.7187
0.58836,1.88214,4.56646,-0.175566,-0.239415,0.937854,17.0153,9.44582,87.319,14.3549,-10.0297,79.9892
1.04455,3.51823,6.92752,-0.121539,-0.23139,0.846325,14.7474,9.36439,86.9818,11.8944,-10.2678,79.3414
0.5542,4.7603,8.49298,-0.131668,-0.350925,1.02342,13.4549,9.37788,87.4261,10.3647,-10.6706,79.3557
0.0249286,3.36447,19.6528,-1.30976,-2.39584,9.6412,1.43805,2.63071,65.8732,-0.989193,-2.62914,60.6177
-1.77843,4.65013,37.483,-2.91752,-5.30288,26.3686,2.1662,2.88709,65.1306,-0.670872,-3.11729,61.071
-0.939071,3.94756,29.8011,-2.37152,-4.53419,22.0121,1.96841,2.96711,65.7512,-0.73857,-2.87776,60.8377
-0.770442,3.95535,28.6508,-2.1399,-4.19323,19.287,1.96883,3.05155,65.8888,-0.764924,-2.75385,60.851
-0.743303,3.97155,28.6966,-2.1235,-4.20944,19.0242,2.00711,3.14307,66.0035,-0.755007,-2.68601,60.851
-0.713022,3.95909,28.6474,-2.12699,-4.2515,19.1093,2.03978,3.22444,66.1161,-0.744315,-2.63119,60.8476
-0.679569,3.94841,28.5481,-2.11803,-4.26371,19.0649,2.06695,3.29882,66.2256,-0.73753,-2.57953,60.8518
-0.647085,3.94092,28.437,-2.10481,-4.26427,18.9496,2.09284,3.36911,66.3344,-0.732613,-2.53119,60.8645
-0.615054,3.93267,28.303,-2.09069,-4.26232,18.8167,2.12024,3.43571,66.4429,-0.727974,-2.4869,60.8849
-0.58166,3.92277,28.1358,-2.07593,-4.25735,18.6588,2.1537,3.50356,66.5608,-0.721984,-2.44596,60.9195
-0.546384,3.91874,27.9328,-2.06965,-4.23946,18.3954,2.19365,3.5752,66.6855,-0.715232,-2.40413,60.972
-0.5106,3.92966,27.6628,-2.08796,-4.19078,17.8985,2.23917,3.65574,66.8187,-0.709599,-2.35661,61.0502
-0.471976,3.89547,27.2407,-2.06418,-4.13329,17.5733,2.30762,3.73229,66.9886,-0.691451,-2.32315,61.1405
-0.577675,2.8035,12.154,-1.81928,-1.86901,6.69562,11.8198,5.86432,75.9597,8.91988,-5.07226,69.5353
-0.27054,1.36387,5.29798,-0.805285,-0.731613,2.59963,16.321,8.44971,83.9854,15.4599,-7.33235,76.8126
0.180994,1.25389,4.00975,-0.33668,-0.358478,1.35643,16.9819,9.15979,85.9792,15.3747,-8.81023,78.7187
0.58836,1.88214,4.56646,-0.175566,-0.239415,0.937854,17.0153,9.44582,87.319,14.3549,-10.0297,79.9892
1.04455,3.51823,6.92752,-0.121539,-0.23139,0.846325,14.7474,9.36439,86.9818,11.8944,-10.2678,79.3414
0.5542,4.7603,8.49298,-0.131668,-0.350925,1.02342,13.4549,9.37788,87.4261,10.3647,-10.6706,79.3557
0.0249286,3.36447,19.6528,-1.30976,-2.39584,9.6412,1.43805,2.63071,65.8732,-0.989193,-2.62914,60.6177
-1.77843,4.65013,37.483,-2.91752,-5.30288,26.3686,2.1662,2.88709,65.1306,-0.670872,-3.11729,61.071
-0.939071,3.94756,29.8011,-2.37152,-4.53419,22.0121,1.96841,2.96711,65.7512,-0.73857,-2.87776,60.8377
-0.770442,3.95535,28.6508,-2.1399,-4.19323,19.287,1.96883,3.05155,65.8888,-0.764924,-2.75385,60.851
-0.743303,3.97155,28.6966,-2.1235,-4.20944,19.0242,2.00711,3.14307,66.0035,-0.755007,-2.68601,60.851
-0.713022,3.95909,28.6474,-2.12699,-4.2515,19.1093,2.03978,3.22444,66.1161,-0.744315,-2.63119,60.8476
-0.679569,3.94841,28.5481,-2.11803,-4.26371,19.0649,2.06695,3.29882,66.2256,-0.73753,-2.57953,60.8518
-0.647085,3.94092,28.437,-2.10481,-4.26427,18.9496,2.09284,3.36911,66.3344,-0.732613,-2.53119,60.8645
-0.615054,3.93267,28.303,-2.09069,-4.26232,18.8167,2.12024,3.43571,66.4429,-0.727974,-2.4869,60.8849
-0.58166,3.92277,28.1358,-2.07593,-4.25735,18.6588,2.1537,3.50356,66.5608,-0.721984,-2.44596,60.9195
-0.546384,3.91874,27.9328,-2.06965,-4.23946,18.3954,2.19365,3.5752,66.6855,-0.715232,-2.40413,60.972
-0.5106,3.92966,27.6628,-2.08796,-4.19078,17.8985,2.23917,3.65574,66.8187,-0.709599,-2.35661,61.0502
-0.471976,3.89547,27.2407,-2.06418,-4.13329,17.5733,2.30762,3.73229,66.9886,-0.691451,-2.32315,61.1405
-0.577675,2.8035,12.154,-1.81928,-1.86901,6.69562,11.8198,5.86432,75.9597,8.91988,-5.07226,69.5353
-0.27054,1.36387,5.29798,-0.805285,-0.731613,2.59963,16.321,8.44971,83.9854,15.4599,-7.33235,76.8126
0.180994,1.25389,4.00975,-0.33668,-0.358478,1.35643,16.9819,9.15979,85.9792,15.3747,-8.81023,78.7187
0.58836,1.88214,4.56646,-0.175566,-0.239415,0.937854,17.0153,9.44582,87.319,14.3549,-10.0297,79.9892
1.04455,3.51823,6.92752,-0.121539,-0.23139,0.846325,14.7473,9.36441,86.9818,11.8944,-10.2678,79.3414
0.5542,4.7603,8.49298,-0.131668,-0.350925,1.02342,13.4549,9.37788,87.4261,10.3647,-10.6706,79.3557
0.0249286,3.36447,19.6528,-1.30976,-2.39584,9.6412,1.43805,2.63071,65.8732,-0.989193,-2.62914,60.6177
-1.77843,4.65013,37.483,-2.91752,-5.30288,26.3686,2.1662,2.88709,65.1306,-0.670872,-3.11729,61.071
-0.939071,3.94756,29.8011,-2.37152,-4.53419,22.0121,1.96841,2.96711,65.7512,-0.73857,-2.87776,60.8377
-0.770442,3.95535,28.6508,-2.1399,-4.19323,19.287,1.96883,3.05155,65.8888,-0.764924,-2.75385,60.851
-0.743303,3.97155,28.6966,-2.1235,-4.20944,19.0242,2.00711,3.14307,66.0035,-0.755007,-2.68601,60.851
-0.713022,3.95909,28.6474,-2.12699,-4.2515,19.1093,2.03978,3.22444,66.1161,-0.744315,-2.63119,60.8476
-0.679569,3.94841,28.5481,-2.11803,-4.26371,19.0649,2.06695,3.29882,66.2256,-0.73753,-2.57953,60.8518
-0.647085,3.94092,28.437,-2.10481,-4.26427,18.9496,2.09284,3.36911,66.3344,-0.732613,-2.53119,60.8645
-0.615054,3.93267,28.303,-2.09069,-4.26232,18.8167,2.12024,3.43571,66.4429,-0.727974,-2.4869,60.8849
-0.58166,3.92277,28.1358,-2.07593,-4.25735,18.6588,2.1537,3.50356,66.5608,-0.721984,-2.44596,60.9195
-0.546384,3.91874,27.9328,-2.06965,-4.23946,18.3954,2.19365,3.5752,66.6855,-0.715232,-2.40413,60.972
-0.5106,3.92966,27.6628,-2.08796,-4.19078,17.8985,2.23917,3.65574,66.8187,-0.709599,-2.35661,61.0502
-0.471976,3.89547,27.2407,-2.06418,-4.13329,17.5733,2.30762,3.73229,66.9886,-0.691451,-2.32315,61.1405
-0.577675,2.8035,12.154,-1.81928,-1.86901,6.69562,11.8198,5.86432,75.9597,8.91988,-5.07226,69.5353
-0.27054,1.36387,5.29798,-0.805285,-0.731613,2.59963,16.321,8.44971,83.9854,15.4599,-7.33235,76.8126
0.180994,1.25389,4.00975,-0.33668,-0.358478,1.35643,16.9819,9.15979,85.9792,15.3747,-8.81023,78.7187
0.58836,1.88214,4.56646,-0.175566,-0.239415,0.937854,17.0153,9.44582,87.319,14.3549,-10.0297,79.9892
1.04455,3.51823,6.92752,-0.121539,-0.23139,0.846325,14.7473,9.36441,86.9818,11.8944,-10.2678,79.3414
0.5542,4.7603,8.49298,-0.131668,-0.350925,1.02342,13.4549,9.37788,87.4261,10.3647,-10.6706,79.3557
0.0249286,3.36447,19.6528,-1.30976,-2.39584,9.6412,1.43805,2.63071,65.8732,-0.989193,-2.62914,60.6177
-1.77843,4.65013,37.483,-2.91752,-5.30288,26.3686,2.1662,2.88709,65.1306,-0.670872,-3.11729,61.071
-0.939071,3.94756,29.8011,-2.37152,-4.53419,22.0121,1.96841,2.96711,65.7512,-0.73857,-2.87776,60.8377
-0.770442,3.95535,28.6508,-2.1399,-4.19323,19.287,1.96883,3.05155,65.8888,-0.764924,-2.75385,60.851
-0.743303,3.97155,28.6966,-2.1235,-4.20944,19.0242,2.00711,3.14307,66.0035,-0.755007,-2.68601,60.851
-0.713022,3.95909,28.6474,-2.12699,-4.2515,19.1093,2.03978,3.22444,66.1161,-0.744315,-2.63119,60.8476
-0.679569,3.94841,28.5481,-2.11803,-4.26371,19.0649,2.06695,3.29882,66.2256,-0.73753,-2.57953,60.8518
-0.647085,3.94092,28.437,-2.10481,-4.26427,18.9496,2.09284,3.36911,66.3344,-0.732613,-2.53119,60.8645
-0.615054,3.93267,28.303,-2.09069,-4.26232,18.8167,2.12024,3.43571,66.4429,-0.727974,-2.4869,60.8849
-0.58166,3.92277,28.1358,-2.07593,-4.25735,18.6588,2.1537,3.50356,66.5608,-0.721984,-2.44596,60.9195
-0.546384,3.91874,27.9328,-2.06965,-4.23946,18.3954,2.19365,3.5752,66.6855,-0.715232,-2.40413,60.972
-0.5106,3.92966,27.6628,-2.08796,-4.19078,17.8985,2.23917,3.65574,66.8187,-0.709599,-2.35661,61.0502
-0.471976,3.89547,27.2407,-2.06418,-4.13329,17.5733,2.30762,3.73229,66.9886,-0.691451,-2.32315,61.1405
-0.577675,2.8035,12.154,-1.81928,-1.86901,6.69562,11.8198,5.86432,75.9597,8.91988,-5.07226,69.5353
-0.27054,1.36387,5.29798,-0.805285,-0.731613,2.59963,16.321,8.44971,83.9854,15.4599,-7.33235,76.8126
0.180994,1.25389,4.00975,-0.33668,-0.358478,1.35643,16.9819,9.15979,85.9792,15.3747,-8.81023,78.7187
0.58836,1.88214,4.56646,-0.175566,-0.239415,0.937854,17.0153,9.44582,87.319,14.3549,-10.0297,79.9892
1.04455,3.51823,6.92752,-0.121539,-0.23139,0.846325,14.7473,9.36441,86.9818,11.8944,-10.2678,79.3414
0.5542,4.7603,8.49298,-0.131668,-0.350925,1.02342,13.4549,9.37788,87.4261,10.3647,-10.6706,79.3557
0.0249286,3.36447,19.6528,-1.30976,-2.39584,9.6412,1.43805,2.63071,65.8732,-0.989193,-2.62914,60.6177
-1.77843,4.65013,37.483,-2.91752,-5.30288,26.3686,2.1662,2.88709,65.1306,-0.670872,-3.11729,61.071
-0.939071,3.94756,29.8011,-2.37152,-4.53419,22.0121,1.96841,2.96711,65.7512,-0.73857,-2.87776,60.8377
-0.770442,3.95535,28.6508,-2.1399,-4.19323,19.287,1.96883,3.05155,65.8888,-0.764924,-2.75385,60.851
-0.743303,3.97155,28.6966,-2.1235,-4.20944,19.0242,2.00711,3.14307,66.0035,-0.755007,-2.68601,60.851
-0.713022,3.95909,28.6474,-2.12699,-4.2515,19.1093,2.03978,3.22444,66.1161,-0.744315,-2.63119,60.8476
-0.679569,3.94841,28.5481,-2.11803,-4.26371,19.0649,2.06695,3.29882,66.2256,-0.73753,-2.57953,60.8518
-0.647085,3.94092,28.437,-2.10481,-4.26427,18.9496,2.09284,3.36911,66.3344,-0.732613,-2.53119,60.8645
-0.615054,3.93267,28.303,-2.09069,-4.26232,18.8167,2.12024,3.43571,66.4429,-0.727974,-2.4869,60.8849
-0.58166,3.92277,28.1358,-2.07593,-4.25735,18.6588,2.1537,3.50356,66.5608,-0.721984,-2.44596,60.9195
-0.546384,3.91874,27.9328,-2.06965,-4.23946,18.3954,2.19365,3.5752,66.6855,-0.715232,-2.40413,60.972
-0.5106,3.92966,27.6628,-2.08796,-4.19078,17.8985,2.23917,3.65574,66.8187,-0.709599,-2.35661,61.0502
-0.471976,3.89547,27.2407,-2.06418,-4.13329,17.5733,2.30762,3.73229,66.9886,-0.691451,-2.32315,61.1405
-0.577675,2.8035,12.154,-1.81928,-1.86901,6.69562,11.8198,5.86432,75.9597,8.91988,-5.07226,69.5353
-0.27054,1.36387,5.29798,-0.805285,-0.731613,2.59963,16.321,8.44971,83.9854,15.4599,-7.33235,76.8126
0.180994,1.25389,4.00975,-0.33668,-0.358478,1.35643,16.9819,9.15979,85.9792,15.3747,-8.81023,78.7187
0.58836,1.88214,4.56646,-0.175566,-0.239415,0.937854,17.0153,9.44582,87.319,14.3549,-10.0297,79.9892
1.04455,3.51823,6.92752,-0.121539,-0.23139,0.846325,14.7473,9.36441,86.9818,11.8944,-10.2678,79.3414
0.5542,4.7603,8.49298,-0.131668,-0.350925,1.02342,13.4549,9.37788,87.4261,10.3647,-10.6706,79.3557
