34.1436,15.5534,0.284431,0.0121464,-0.000880117,0.453528,0.891159,-0.286719,0.924805,-1.75359,0.322695,0.944198,-2.18068,-0.229345,1.15964,-1.76503,0.280853,1.05076,-1.79104,1.32061,-2.23777,-2.99192,-3.17493,0.0440661,-0.0561224,0.13107,0.02683,0.0163049,0.0615923,0.306345,-0.0361347,0.0097046,-0.00291687,-0.0807996,0.0188853,0.138474,0.98137,0.276922,-0.0656469,-2.09635,0.613927,-0.175714,-1.23841,-2.77939,0.131712,1.00468,0.287592,0,0,0,0,0,0,0,0,0,0
34.1457,15.5557,0.284569,0.0123023,-0.001242,0.453603,0.891118,-0.285324,0.93457,-1.75071,0.322221,0.923621,-2.17341,-0.231234,1.14424,-1.79246,0.282183,1.06073,-1.78802,1.32061,-2.23777,-2.99192,-3.17493,0.0440661,-0.0561224,0.13107,0.02683,0.0163049,0.0615923,0.30856,-0.0358135,0.0112175,-0.0104599,-0.0776733,0.0182535,0.144043,0.971567,0.296747,-0.0817876,-2.10406,1.0542,-0.225592,-1.69627,-2.93897,0.139366,0.992472,0.311092,0,0,0,0,0,0,0,0,0,0
34.1478,15.558,0.284727,0.0123539,-0.00163566,0.453688,0.891073,-0.283745,0.944175,-1.74765,0.320547,0.900844,-2.15481,-0.234414,1.12529,-1.8277,0.283767,1.07052,-1.78474,1.32061,-2.23777,-2.99192,-3.17493,0.0440661,-0.0561224,0.13107,0.02683,0.0163049,0.0615923,0.309293,-0.0359394,0.0127653,-0.030372,-0.0698598,0.021515,0.159858,0.953894,0.308762,-0.170929,-2.30879,2.08594,-0.348791,-2.0697,-3.61647,0.163689,0.968159,0.338541,0,0,0,0,0,0,0,0,0,0
34.1499,15.5603,0.284893,0.0123711,-0.00198019,0.45379,0.89102,-0.282204,0.953657,-1.74453,0.319256,0.8784,-2.13388,-0.238015,1.10213,-1.86163,0.285404,1.08011,-1.78124,1.32061,-2.23777,-2.99192,-3.17493,0.0440661,-0.0561224,0.13107,0.02683,0.0163049,0.0615923,0.312019,-0.0358075,0.0127947,-0.0296919,-0.0608574,0.0259162,0.154045,0.944865,0.316194,-0.156773,-2.268,2.39684,-0.367374,-2.47675,-3.29491,0.169079,0.958892,0.352084,0,0,0,0,0,0,0,0,0,0
34.152,15.5626,0.285056,0.0123518,-0.00234062,0.45392,0.890954,-0.280623,0.963074,-1.7413,0.316578,0.854464,-2.10143,-0.241814,1.07506,-1.89405,0.287248,1.08979,-1.77779,1.32061,-2.23777,-2.99192,-3.17493,0.0440661,-0.0561224,0.13107,0.02683,0.0163049,0.0615923,0.314042,-0.036155,0.0113306,-0.0347183,-0.0607414,0.0329557,0.154551,0.941078,0.323919,-0.27833,-2.38705,3.43673,-0.384885,-2.83895,-3.11858,0.188549,0.972446,0.341135,0,0,0,0,0,0,0,0,0,0
34.1542,15.565,0.285188,0.012363,-0.00266129,0.454082,0.89087,-0.2792,0.972522,-1.7381,0.314212,0.831789,-2.06814,-0.245663,1.04547,-1.92217,0.28913,1.09959,-1.77443,1.32061,-2.23777,-2.99192,-3.17493,0.0440661,-0.0561224,0.13107,0.02683,0.0163049,0.0615923,0.317392,-0.036389,0.007571,-0.0246742,-0.0579456,0.0401316,0.13807,0.948014,0.31781,-0.267039,-2.25772,3.59989,-0.366479,-3.07079,-2.5368,0.192359,0.989867,0.328006,0,0,0,0,0,0,0,0,0,0
34.1564,15.5673,0.285282,0.0123892,-0.00299274,0.454275,0.89077,-0.277837,0.982074,-1.73497,0.31037,0.80842,-2.02345,-0.248842,1.01273,-1.94283,0.291173,1.1097,-1.77135,1.32061,-2.23777,-2.99192,-3.17493,0.0440661,-0.0561224,0.13107,0.02683,0.0163049,0.0615923,0.319988,-0.0371615,0.00233887,-0.0208922,-0.0608778,0.0468927,0.129603,0.961685,0.305178,-0.393802,-2.29482,4.62364,-0.306619,-3.34535,-1.83462,0.207149,1.02291,0.296041,0,0,0,0,0,0,0,0,0,0
34.1586,15.5697,0.285304,0.0124809,-0.00327672,0.454497,0.890655,-0.276707,0.991814,-1.73209,0.30695,0.787228,-1.97969,-0.251918,0.979317,-1.95831,0.293221,1.12009,-1.76854,1.32061,-2.23777,-2.99192,-3.17493,0.0440661,-0.0561224,0.13107,0.02683,0.0163049,0.0615923,0.323397,-0.0376519,-0.00549311,-0.000381018,-0.0571761,0.0530812,0.101704,0.980499,0.279125,-0.351138,-2.05482,4.48684,-0.275619,-3.39019,-1.16068,0.202351,1.04924,0.26873,0,0,0,0,0,0,0,0,0,0
34.1608,15.5721,0.285256,0.0126778,-0.00349145,0.454743,0.890526,-0.275889,1.0017,-1.72941,0.30275,0.766924,-1.92927,-0.253845,0.944194,-1.96184,0.295166,1.13075,-1.76606,1.32061,-2.23777,-2.99192,-3.17493,0.0440661,-0.0561224,0.13107,0.02683,0.0163049,0.0615923,0.326114,-0.0379648,-0.013542,0.0286071,-0.053692,0.0574253,0.0662639,0.996516,0.25423,-0.413436,-1.93828,5.05892,-0.179483,-3.502,-0.0571153,0.187448,1.07753,0.234167,0,0,0,0,0,0,0,0,0,0
34.163,15.5746,0.285108,0.0130073,-0.00359894,0.455003,0.890388,-0.275481,1.01181,-1.72711,0.299224,0.749817,-1.88253,-0.25581,0.910528,-1.96018,0.296905,1.14166,-1.7639,1.32061,-2.23777,-2.99192,-3.17493,0.0440661,-0.0561224,0.13107,0.02683,0.0163049,0.0615923,0.329473,-0.0381398,-0.0233873,0.06761,-0.0431609,0.059522,0.0205526,1.01491,0.220372,-0.334616,-1.56894,4.55807,-0.165852,-3.34894,0.685154,0.158401,1.09476,0.210722,0,0,0,0,0,0,0,0,0,0
34.1653,15.577,0.28489,0.0135275,-0.00352546,0.455266,0.890246,-0.275608,1.02195,-1.72496,0.295851,0.736193,-1.83638,-0.2565,0.876698,-1.94093,0.298174,1.15259,-1.76179,1.32061,-2.23777,-2.99192,-3.17493,0.0440661,-0.0561224,0.13107,0.02683,0.0163049,0.0615923,0.333242,-0.0383496,-0.0306656,0.114906,-0.0299293,0.0585241,-0.0283682,1.02062,0.205715,-0.309399,-1.19348,4.46975,-0.0423725,-3.2873,2.30517,0.114496,1.09894,0.205019,0,0,0,0,0,0,0,0,0,0
34.1675,15.5795,0.284577,0.0141664,-0.00334027,0.455519,0.890107,-0.276068,1.03232,-1.72313,0.293372,0.726959,-1.79568,-0.256965,0.846586,-1.91718,0.299204,1.16369,-1.75984,1.32061,-2.23777,-2.99192,-3.17493,0.0440661,-0.0561224,0.13107,0.02683,0.0163049,0.0615923,0.337355,-0.0390758,-0.0401515,0.148793,-0.0176826,0.055386,-0.065846,1.04577,0.166627,-0.229088,-0.747519,3.9317,-0.016917,-2.89382,2.77554,0.0851416,1.10944,0.194686,0,0,0,0,0,0,0,0,0,0
34.1698,15.5821,0.284195,0.0149841,-0.00294735,0.455752,0.889976,-0.277095,1.04286,-1.72167,0.291135,0.722667,-1.75796,-0.256441,0.818735,-1.87878,0.299673,1.17468,-1.75778,1.32061,-2.23777,-2.99192,-3.17493,0.0440661,-0.0561224,0.13107,0.02683,0.0163049,0.0615923,0.341462,-0.0387989,-0.0450462,0.188154,-0.00436511,0.0458564,-0.107355,1.05935,0.146269,-0.179368,-0.0429489,3.00559,0.0460957,-2.60418,4.08508,0.0358668,1.09971,0.212226,0,0,0,0,0,0,0,0,0,0
34.1721,15.5846,0.283828,0.0158015,-0.00271371,0.455895,0.889889,-0.277856,1.05346,-1.7197,0.290407,0.729516,-1.74568,-0.256138,0.796567,-1.83967,0.300139,1.1859,-1.75556,1.32061,-2.23777,-2.99192,-3.17493,0.0440661,-0.0561224,0.13107,0.02683,0.0163049,0.0615923,0.342052,-0.0388247,-0.0393076,0.147845,-0.0594862,0.0204824,-0.049818,1.06839,0.233484,-0.0122844,1.03822,0.422641,0.0442859,-1.97654,4.0037,0.0567681,1.14875,0.223931,0,0,0,0,0,0,0,0,0,0
34.1744,15.5872,0.283552,0.0165918,-0.00291306,0.455889,0.889877,-0.278027,1.06429,-1.71674,0.290819,0.742601,-1.74677,-0.255423,0.78088,-1.79685,0.300765,1.19789,-1.75334,1.32061,-2.23777,-2.99192,-3.17493,0.0440661,-0.0561224,0.13107,0.02683,0.0163049,0.0615923,0.341182,-0.0366208,-0.0274971,0.108853,-0.122132,-0.00850872,0.000938671,1.06808,0.338345,0.0651299,1.41374,-0.335601,0.0578497,-1.0375,3.61963,0.0626852,1.1895,0.250337,0,0,0,0,0,0,0,0,0,0
34.1767,15.5897,0.283493,0.0172321,-0.00304525,0.455861,0.889879,-0.277918,1.07409,-1.71296,0.291519,0.756695,-1.75139,-0.25511,0.780876,-1.77949,0.301225,1.2082,-1.74947,1.32061,-2.23777,-2.99192,-3.17493,0.0440661,-0.0561224,0.13107,0.02683,0.0163049,0.0615923,0.332081,-0.0353339,-0.0020023,0.101787,-0.0506659,-0.00259621,0.0092096,0.934834,0.375791,0.0662672,1.38517,-0.502437,0.0189655,0.489095,0.889286,0.0301348,0.928563,0.467691,0,0,0,0,0,0,0,0,0,0
34.1789,15.5922,0.283647,0.0176989,-0.00282772,0.455862,0.88987,-0.277897,1.08301,-1.70958,0.29209,0.76993,-1.75631,-0.255004,0.789065,-1.7764,0.301324,1.21618,-1.74387,1.32061,-2.23777,-2.99192,-3.17493,0.0440661,-0.0561224,0.13107,0.02683,0.0163049,0.0615923,0.324549,-0.034199,0.017277,0.106246,0.0291039,0.00268163,-0.0028808,0.849739,0.330254,0.0470906,1.2731,-0.470876,0.00732438,0.940067,0.0720496,-0.00677547,0.700863,0.630562,0,0,0,0,0,0,0,0,0,0
34.181,15.5946,0.283983,0.0180265,-0.00223538,0.455895,0.889848,-0.278004,1.0908,-1.70632,0.292394,0.781827,-1.76048,-0.254919,0.798697,-1.77667,0.300978,1.22177,-1.7365,1.32061,-2.23777,-2.99192,-3.17493,0.0440661,-0.0561224,0.13107,0.02683,0.0163049,0.0615923,0.318009,-0.0332657,0.0319855,0.104357,0.100189,0.00387851,-0.0140675,0.765571,0.243392,0.0323076,1.13871,-0.369362,0.0171283,0.97019,-0.0638237,-0.0394123,0.49196,0.779094,0,0,0,0,0,0,0,0,0,0
34.1832,15.5969,0.284336,0.0180613,-0.0015496,0.455879,0.889857,-0.278124,1.09874,-1.70617,0.293029,0.792714,-1.76351,-0.254499,0.808554,-1.77763,0.300765,1.22635,-1.72868,1.32061,-2.23777,-2.99192,-3.17493,0.0440661,-0.0561224,0.13107,0.02683,0.0163049,0.0615923,0.314866,-0.0321552,0.0289176,0.0490292,0.13023,-0.0120477,-0.0082409,0.797173,-0.0718246,0.0812635,1.06036,-0.268984,0.0563817,0.982724,-0.0979393,-0.0134248,0.432193,0.790803,0,0,0,0,0,0,0,0,0,0
34.1852,15.5993,0.284649,0.0178482,-0.000852026,0.455804,0.889901,-0.278349,1.10661,-1.70967,0.294055,0.803003,-1.76587,-0.253767,0.818176,-1.77836,0.300692,1.23029,-1.7206,1.32061,-2.23777,-2.99192,-3.17493,0.0440661,-0.0561224,0.13107,0.02683,0.0163049,0.0615923,0.312311,-0.0300897,0.0243549,0.00831056,0.147997,-0.0255478,-0.0637062,0.794358,-0.926804,0.117891,1.01249,-0.214077,0.0839928,0.954975,-0.0611117,-0.00216797,0.378671,0.812858,0,0,0,0,0,0,0,0,0,0
34.1873,15.6016,0.28489,0.0174301,-0.00029889,0.455638,0.889994,-0.279897,1.1134,-1.73443,0.295521,0.81303,-1.76747,-0.252796,0.827998,-1.77904,0.300768,1.23424,-1.71265,1.32061,-2.23777,-2.99192,-3.17493,0.0440661,-0.0561224,0.13107,0.02683,0.0163049,0.0615923,0.312712,-0.0268899,0.016956,-0.0421878,0.120813,-0.0514933,-0.163909,0.476517,-3.04456,0.162421,1.00387,-0.123277,0.100065,1.0105,-0.0752032,0.00979319,0.416684,0.780203,0,0,0,0,0,0,0,0,0,0
34.1893,15.604,0.28507,0.0169615,-2.21338e-05,0.455339,0.890157,-0.281119,1.11457,-1.76533,0.297291,0.82323,-1.76827,-0.25185,0.838627,-1.77995,0.300837,1.23885,-1.70505,1.32061,-2.23777,-2.99192,-3.17493,0.0440661,-0.0561224,0.13107,0.02683,0.0163049,0.0615923,0.31583,-0.0228709,0.0117978,-0.0689412,0.0760688,-0.0781493,-0.126298,-0.0691277,-3.33952,0.184396,1.02956,-0.0578499,0.0920636,1.08717,-0.0942327,0.00532574,0.476899,0.756611,0,0,0,0,0,0,0,0,0,0
34.1914,15.6065,0.285207,0.0164554,8.22144e-05,0.454959,0.89036,-0.282919,1.11175,-1.80537,0.29919,0.833646,-1.76866,-0.250954,0.849667,-1.78081,0.300871,1.24365,-1.69739,1.32061,-2.23777,-2.99192,-3.17493,0.0440661,-0.0561224,0.13107,0.02683,0.0163049,0.0615923,0.318955,-0.0182686,0.00821143,-0.0875874,0.0514521,-0.0923536,-0.178254,-0.485452,-4.10112,0.192128,1.05326,-0.0260845,0.0853544,1.12257,-0.0850055,0.00173086,0.491173,0.76777,0,0,0,0,0,0,0,0,0,0
34.1934,15.609,0.285313,0.0159645,2.23642e-05,0.454517,0.890595,-0.284353,1.10362,-1.84374,0.301116,0.844392,-1.76876,-0.250192,0.861212,-1.78168,0.300861,1.24881,-1.68976,1.32061,-2.23777,-2.99192,-3.17493,0.0440661,-0.0561224,0.13107,0.02683,0.0163049,0.0615923,0.323155,-0.0138611,0.00519013,-0.0958468,0.0242284,-0.10247,-0.137473,-1.01829,-3.72409,0.189619,1.08594,-0.00372338,0.0718226,1.16438,-0.0811302,-0.00249069,0.526663,0.759995,0,0,0,0,0,0,0,0,0,0
34.1954,15.6116,0.285393,0.0154915,-9.16374e-05,0.454074,0.890829,-0.286018,1.09069,-1.88044,0.302901,0.855344,-1.76879,-0.249514,0.872783,-1.78226,0.300815,1.25407,-1.68216,1.32061,-2.23777,-2.99192,-3.17493,0.0440661,-0.0561224,0.13107,0.02683,0.0163049,0.0615923,0.32576,-0.00956414,0.0026452,-0.0944646,0.0181162,-0.098535,-0.175859,-1.46674,-3.52859,0.171191,1.10241,-0.00073676,0.0630694,1.15735,-0.0474538,-0.00742659,0.528485,0.758751,0,0,0,0,0,0,0,0,0,0
34.1974,15.6142,0.285446,0.0150545,-0.000238463,0.453642,0.891057,-0.287842,1.07402,-1.91241,0.304501,0.866489,-1.76877,-0.248983,0.88443,-1.78266,0.300681,1.25945,-1.67468,1.32061,-2.23777,-2.99192,-3.17493,0.0440661,-0.0561224,0.13107,0.02683,0.0163049,0.0615923,0.328557,-0.00554341,-0.000793518,-0.0875311,0.00687575,-0.0946761,-0.187803,-1.80861,-2.98052,0.149365,1.12294,0.00390967,0.0459658,1.16877,-0.0341825,-0.015845,0.553037,0.708369,0,0,0,0,0,0,0,0,0,0
34.1993,15.6168,0.285448,0.0147244,-0.000420561,0.453256,0.891259,-0.289852,1.05377,-1.93934,0.305777,0.877853,-1.76872,-0.248642,0.896188,-1.78297,0.300505,1.26531,-1.66867,1.32061,-2.23777,-2.99192,-3.17493,0.0440661,-0.0561224,0.13107,0.02683,0.0163049,0.0615923,0.329173,-0.00250824,-0.00658394,-0.0699535,-0.00959732,-0.0813581,-0.210857,-2.1326,-2.50172,0.115318,1.14473,0.0040459,0.0270556,1.18173,-0.0326733,-0.0191559,0.600829,0.5516,0,0,0,0,0,0,0,0,0,0
34.2013,15.6195,0.285397,0.0144743,-0.000631809,0.452922,0.891432,-0.292078,1.0316,-1.96146,0.306797,0.889396,-1.76869,-0.248452,0.908089,-1.78334,0.300299,1.27141,-1.66448,1.32061,-2.23777,-2.99192,-3.17493,0.0440661,-0.0561224,0.13107,0.02683,0.0163049,0.0615923,0.329305,-0.000162476,-0.011866,-0.0587363,-0.0206428,-0.0703959,-0.214611,-2.30983,-1.95592,0.0920686,1.15725,0.00614027,0.0134295,1.19162,-0.0345553,-0.0155542,0.630741,0.0174683,0,0,0,0,0,0,0,0,0,0
34.2032,15.6221,0.285294,0.0143162,-0.00088702,0.452644,0.891576,-0.293879,1.00664,-1.9766,0.307586,0.900993,-1.76852,-0.24835,0.920054,-1.78368,0.299967,1.27629,-1.67391,1.32061,-2.23777,-2.99192,-3.17493,0.0440661,-0.0561224,0.13107,0.02683,0.0163049,0.0615923,0.327864,0.000363886,-0.0174079,-0.0518292,-0.0434231,-0.0538781,-0.173222,-2.55858,-1.30758,0.0740102,1.16721,0.0255397,0.0128335,1.21189,-0.0438583,-0.0762499,0.22773,-1.21962,0,0,0,0,0,0,0,0,0,0
34.2051,15.6248,0.285137,0.0141974,-0.00128424,0.452459,0.891671,-0.295645,0.981055,-1.98756,0.308307,0.912801,-1.76811,-0.248117,0.932462,-1.78433,0.298666,1.27451,-1.68753,1.32061,-2.23777,-2.99192,-3.17493,0.0440661,-0.0561224,0.13107,0.02683,0.0163049,0.0615923,0.32806,-0.000138896,-0.0221934,-0.0569055,-0.0698147,-0.0332243,-0.15528,-2.60789,-0.852584,0.0672474,1.18238,0.054832,0.026303,1.2501,-0.0686047,-0.122255,-0.34587,-1.83548,0,0,0,0,0,0,0,0,0,0
34.2071,15.6274,0.284961,0.0141285,-0.00172825,0.452345,0.891729,-0.296528,0.953507,-1.99137,0.30889,0.924474,-1.76734,-0.247815,0.944813,-1.7848,0.298179,1.26951,-1.71748,1.32061,-2.23777,-2.99192,-3.17493,0.0440661,-0.0561224,0.13107,0.02683,0.0163049,0.0615923,0.325933,-0.00111896,-0.0226188,-0.0571676,-0.0728768,-0.0170391,-0.0659698,-2.78438,-0.215708,0.0598891,1.1593,0.0885447,0.0414199,1.22574,-0.0353018,-0.0285422,-0.687585,-3.27893,0,0,0,0,0,0,0,0,0,0
34.209,15.63,0.284793,0.0139795,-0.00220627,0.452319,0.891744,-0.297064,0.92604,-1.99185,0.309568,0.935978,-1.76627,-0.247164,0.956987,-1.78504,0.29803,1.25921,-1.74974,1.32061,-2.23777,-2.99192,-3.17493,0.0440661,-0.0561224,0.13107,0.02683,0.0163049,0.0615923,0.326314,-0.00253301,-0.021124,-0.0724761,-0.0721718,0.00251336,-0.0320987,-2.76334,0.254687,0.0662661,1.14051,0.125686,0.0735112,1.21139,-0.0138452,-0.00693071,-1.25578,-3.30713,0,0,0,0,0,0,0,0,0,0
34.211,15.6327,0.284658,0.0138555,-0.00267354,0.452353,0.891727,-0.29704,0.897622,-1.98274,0.310087,0.947177,-1.76472,-0.246468,0.968959,-1.78497,0.298032,1.24371,-1.78609,1.32061,-2.23777,-2.99192,-3.17493,0.0440661,-0.0561224,0.13107,0.02683,0.0163049,0.0615923,0.325666,-0.00264528,-0.0177083,-0.0657857,-0.0696118,0.0139197,0.00387844,-2.81861,1.11236,0.0502974,1.10827,0.170374,0.0753289,1.18671,0.019509,0.00138625,-1.76529,-3.63465,0,0,0,0,0,0,0,0,0,0
34.2129,15.6353,0.284554,0.0136624,-0.00313896,0.45244,0.891685,-0.296953,0.870756,-1.97105,0.310674,0.958135,-1.76283,-0.245539,0.980713,-1.78462,0.298053,1.22318,-1.8198,1.32061,-2.23777,-2.99192,-3.17493,0.0440661,-0.0561224,0.13107,0.02683,0.0163049,0.0615923,0.326741,-0.0036406,-0.0147491,-0.0799045,-0.0634788,0.0240295,0.037841,-2.64923,1.43551,0.0604088,1.08526,0.203806,0.0993611,1.16905,0.0442192,0.00176627,-2.25501,-3.23291,0,0,0,0,0,0,0,0,0,0
34.2149,15.6379,0.284491,0.0134599,-0.00358545,0.452553,0.891629,-0.296086,0.844246,-1.94975,0.31121,0.968801,-1.76056,-0.24457,0.992287,-1.78401,0.298057,1.19744,-1.85084,1.32061,-2.23777,-2.99192,-3.17493,0.0440661,-0.0561224,0.13107,0.02683,0.0163049,0.0615923,0.327108,-0.00345312,-0.0111204,-0.0758037,-0.0579798,0.028423,0.077124,-2.57492,2.30116,0.0517861,1.05708,0.237745,0.0976898,1.14875,0.0729947,-1.32961e-05,-2.7537,-2.96089,0,0,0,0,0,0,0,0,0,0
34.2168,15.6405,0.28445,0.0132298,-0.00400243,0.452681,0.891565,-0.295584,0.820474,-1.92727,0.311755,0.979287,-1.75809,-0.243554,1.00368,-1.78314,0.29801,1.16814,-1.8775,1.32061,-2.23777,-2.99192,-3.17493,0.0440661,-0.0561224,0.13107,0.02683,0.0163049,0.0615923,0.32862,-0.00343946,-0.00948977,-0.0796378,-0.050364,0.0300299,0.0700492,-2.30208,2.45043,0.0560482,1.04192,0.253405,0.102352,1.13445,0.094361,-0.0251911,-3.08358,-2.40696,0,0,0,0,0,0,0,0,0,0
34.2188,15.6432,0.284428,0.0129804,-0.00438417,0.452805,0.891504,-0.29433,0.797837,-1.89661,0.312318,0.989594,-1.75549,-0.242561,1.01494,-1.7821,0.297346,1.1346,-1.89722,1.32061,-2.23777,-2.99192,-3.17493,0.0440661,-0.0561224,0.13107,0.02683,0.0163049,0.0615923,0.329409,-0.00304017,-0.00849027,-0.0792215,-0.0408188,0.0281934,0.120045,-2.16602,3.17438,0.0580159,1.02562,0.259724,0.0985288,1.11917,0.111024,-0.0708919,-3.46313,-1.76136,0,0,0,0,0,0,0,0,0,0
34.2208,15.6458,0.284399,0.0126958,-0.00472133,0.452922,0.891447,-0.29354,0.778404,-1.86658,0.312941,0.999819,-1.75293,-0.241574,1.02604,-1.78089,0.296767,1.09957,-1.91221,1.32061,-2.23777,-2.99192,-3.17493,0.0440661,-0.0561224,0.13107,0.02683,0.0163049,0.0615923,0.331134,-0.0026802,-0.00977733,-0.083497,-0.0295735,0.026118,0.0838399,-1.83557,3.08079,0.0666394,1.01979,0.253916,0.0996851,1.10613,0.125459,-0.0912713,-3.58432,-1.13169,0,0,0,0,0,0,0,0,0,0
34.2227,15.6485,0.284359,0.0123519,-0.00502393,0.453024,0.891398,-0.292292,0.761121,-1.83195,0.313688,1.00998,-1.75044,-0.240558,1.03705,-1.77959,0.29484,1.06203,-1.91582,1.32061,-2.23777,-2.99192,-3.17493,0.0440661,-0.0561224,0.13107,0.02683,0.0163049,0.0615923,0.33274,-0.00220101,-0.0119026,-0.0907505,-0.0180513,0.022337,0.118751,-1.60366,3.47224,0.079217,1.01576,0.242592,0.101654,1.09761,0.131484,-0.215283,-3.76726,-0.0837547,0,0,0,0,0,0,0,0,0,0
34.2247,15.6512,0.284278,0.0119606,-0.00528667,0.453115,0.891356,-0.291477,0.747498,-1.79989,0.314546,1.02018,-1.74816,-0.239544,1.04799,-1.77826,0.292789,1.02557,-1.91474,1.32061,-2.23777,-2.99192,-3.17493,0.0440661,-0.0561224,0.13107,0.02683,0.0163049,0.0615923,0.335132,-0.00181256,-0.0168834,-0.0992669,-0.00600054,0.0204976,0.0778631,-1.2063,3.12281,0.0953054,1.02744,0.213039,0.105883,1.09534,0.130291,-0.24976,-3.62507,0.554472,0,0,0,0,0,0,0,0,0,0
34.2267,15.6539,0.284137,0.0114489,-0.00553945,0.453203,0.891317,-0.29041,0.737769,-1.76838,0.315714,1.03063,-1.74633,-0.238356,1.05904,-1.7771,0.288992,0.989265,-1.89857,1.32061,-2.23777,-2.99192,-3.17493,0.0440661,-0.0561224,0.13107,0.02683,0.0163049,0.0615923,0.338691,-0.00188356,-0.024406,-0.119498,0.00500889,0.0208244,0.107028,-0.801457,3.04816,0.126356,1.05691,0.164579,0.122922,1.11239,0.105824,-0.403967,-3.51781,1.93339,0,0,0,0,0,0,0,0,0,0
34.2288,15.6566,0.283924,0.0109362,-0.00579367,0.453305,0.891269,-0.28963,0.734832,-1.74659,0.31695,1.04135,-1.7448,-0.237186,1.0703,-1.77613,0.285163,0.957111,-1.87878,1.32061,-2.23777,-2.99192,-3.17493,0.0440661,-0.0561224,0.13107,0.02683,0.0163049,0.0615923,0.340241,-0.00171157,-0.0291093,-0.105919,-0.00912582,0.0265604,0.0564518,0.239699,1.20867,0.117046,1.08798,0.148223,0.108997,1.14549,0.0850129,-0.419799,-3.06294,2.31225,0,0,0,0,0,0,0,0,0,0
34.2308,15.6594,0.283696,0.01066,-0.00617973,0.453448,0.891197,-0.289286,0.742747,-1.74269,0.317912,1.05258,-1.74325,-0.236306,1.08234,-1.77561,0.279754,0.928421,-1.84668,1.32061,-2.23777,-2.99192,-3.17493,0.0440661,-0.0561224,0.13107,0.02683,0.0163049,0.0615923,0.34102,-0.00236962,-0.0298895,-0.0661933,-0.07132,0.037682,0.0190701,1.05419,0.0238423,0.0770591,1.13968,0.17592,0.0715718,1.24508,0.033626,-0.561869,-2.64801,3.41423,0,0,0,0,0,0,0,0,0,0
34.2328,15.6621,0.283539,0.0105509,-0.00653657,0.453604,0.891117,-0.28921,0.754704,-1.74504,0.318524,1.06355,-1.74132,-0.235661,1.09402,-1.77454,0.276214,0.913141,-1.82554,1.32061,-2.23777,-2.99192,-3.17493,0.0440661,-0.0561224,0.13107,0.02683,0.0163049,0.0615923,0.333637,-0.00256253,-0.0168584,-0.0472685,-0.0195048,0.0318995,0.00536273,1.23052,-0.351139,0.0629501,1.06691,0.160706,0.0663088,1.07907,0.17051,-0.190965,-0.63233,1.13533,0,0,0,0,0,0,0,0,0,0
34.2347,15.6647,0.283505,0.010241,-0.00646179,0.453706,0.891069,-0.289102,0.766797,-1.7493,0.319333,1.0739,-1.74063,-0.234915,1.10345,-1.77204,0.275465,0.914327,-1.81973,1.32061,-2.23777,-2.99192,-3.17493,0.0440661,-0.0561224,0.13107,0.02683,0.0163049,0.0615923,0.323293,-0.00293323,-0.00551054,-0.0503302,0.0822412,0.0157837,0.0165172,1.18121,-0.456484,0.0907778,0.998564,0.0322883,0.081838,0.845318,0.313705,-0.0243456,0.437815,0.342642,0,0,0,0,0,0,0,0,0,0
34.2366,15.6673,0.283575,0.00971346,-0.00596989,0.453736,0.891063,-0.288878,0.777995,-1.7539,0.320268,1.08322,-1.74098,-0.234037,1.11054,-1.76797,0.275476,0.92048,-1.81766,1.32061,-2.23777,-2.99192,-3.17493,0.0440661,-0.0561224,0.13107,0.02683,0.0163049,0.0615923,0.313714,-0.0031713,0.00238039,-0.0384534,0.162115,0.00183239,0.0194088,1.07033,-0.424116,0.079077,0.895053,-0.24085,0.0817015,0.647812,0.436876,0.00555593,0.694836,0.147905,0,0,0,0,0,0,0,0,0,0
34.2385,15.6698,0.283625,0.0092816,-0.00521519,0.45376,0.89106,-0.288832,0.788073,-1.75723,0.320664,1.09151,-1.74855,-0.23343,1.11683,-1.76382,0.27549,0.92821,-1.81678,1.32061,-2.23777,-2.99192,-3.17493,0.0440661,-0.0561224,0.13107,0.02683,0.0163049,0.0615923,0.306382,-0.00581921,-0.00223033,0.00596326,0.17882,0.00428476,-0.00159755,0.976943,-0.291524,0.0213061,0.783459,-0.950288,0.0529114,0.613877,0.4113,-0.000250237,0.803194,0.0651345,0,0,0,0,0,0,0,0,0,0
34.2403,15.6722,0.283636,0.00896201,-0.00435613,0.453793,0.891052,-0.288909,0.797554,-1.75982,0.320804,1.09884,-1.76046,-0.232942,1.12269,-1.75959,0.275455,0.93632,-1.81614,1.32061,-2.23777,-2.99192,-3.17493,0.0440661,-0.0561224,0.13107,0.02683,0.0163049,0.0615923,0.299765,-0.00915218,-0.00511616,0.0374266,0.1838,0.00690346,-0.0178839,0.925372,-0.227929,0.0537623,0.779331,-1.98495,0.0408875,0.568101,0.428076,-0.0125359,0.808491,0.0726307,0,0,0,0,0,0,0,0,0,0
34.2422,15.6745,0.283613,0.00886474,-0.0034321,0.453858,0.891023,-0.289279,0.806532,-1.76148,0.322073,1.10687,-1.7996,-0.232672,1.12829,-1.75531,0.275176,0.944456,-1.81528,1.32061,-2.23777,-2.99192,-3.17493,0.0440661,-0.0561224,0.13107,0.02683,0.0163049,0.0615923,0.294893,-0.0130461,-0.00647827,0.0759725,0.157977,0.0170924,-0.0387169,0.890951,-0.125943,0.10219,0.642856,-4.45688,0.0273367,0.567517,0.427072,-0.0265683,0.82922,0.0908308,0,0,0,0,0,0,0,0,0,0
34.244,15.6768,0.283598,0.00892406,-0.00270358,0.453965,0.890971,-0.289548,0.815532,-1.76225,0.322631,1.10988,-1.84392,-0.232287,1.13425,-1.75107,0.275046,0.953116,-1.81436,1.32061,-2.23777,-2.99192,-3.17493,0.0440661,-0.0561224,0.13107,0.02683,0.0163049,0.0615923,0.293393,-0.0178476,-0.00459647,0.0799086,0.108364,0.0253822,-0.0242331,0.907447,-0.0595093,0.0561107,0.136837,-4.72273,0.0417295,0.606182,0.425122,-0.00840558,0.878693,0.101042,0,0,0,0,0,0,0,0,0,0
34.2459,15.679,0.283593,0.00909779,-0.00209065,0.454102,0.890901,-0.289816,0.824715,-1.76276,0.323413,1.10932,-1.89955,-0.231862,1.1403,-1.74672,0.274984,0.961932,-1.8131,1.32061,-2.23777,-2.99192,-3.17493,0.0440661,-0.0561224,0.13107,0.02683,0.0163049,0.0615923,0.292599,-0.0216544,-0.00278978,0.0878041,0.0783962,0.0322351,-0.023085,0.928363,-0.0374451,0.0556439,-0.261078,-5.6747,0.0465586,0.614039,0.440329,-0.000886101,0.894493,0.134427,0,0,0,0,0,0,0,0,0,0
34.2478,15.6813,0.283615,0.00935018,-0.0016659,0.454267,0.890815,-0.289939,0.83419,-1.76292,0.323659,1.10331,-1.95274,-0.231275,1.14665,-1.74227,0.275125,0.971162,-1.81171,1.32061,-2.23777,-2.99192,-3.17493,0.0440661,-0.0561224,0.13107,0.02683,0.0163049,0.0615923,0.293797,-0.0253347,6.53951e-05,0.0832301,0.0416446,0.0384723,-0.0088128,0.958651,-0.0103288,0.010151,-0.808599,-5.21015,0.0626787,0.639648,0.449258,0.0192464,0.931603,0.149086,0,0,0,0,0,0,0,0,0,0
34.2498,15.6835,0.283655,0.00964244,-0.00131894,0.454443,0.890723,-0.290005,0.843884,-1.76306,0.323716,1.0924,-2.00534,-0.230634,1.15296,-1.73766,0.275334,0.980419,-1.80997,1.32061,-2.23777,-2.99192,-3.17493,0.0440661,-0.0561224,0.13107,0.02683,0.0163049,0.0615923,0.294696,-0.0278878,0.00190434,0.0826413,0.0290936,0.039922,-0.00334123,0.977018,-0.0105266,0.00275514,-1.27933,-5.10498,0.0677061,0.629998,0.467147,0.0254158,0.929013,0.184273,0,0,0,0,0,0,0,0,0,0
34.2517,15.6857,0.283711,0.00995766,-0.0010548,0.454633,0.890623,-0.289985,0.853758,-1.76306,0.323712,1.07741,-2.05183,-0.229882,1.15926,-1.73289,0.275682,0.989829,-1.80806,1.32061,-2.23777,-2.99192,-3.17493,0.0440661,-0.0561224,0.13107,0.02683,0.0163049,0.0615923,0.296782,-0.0302316,0.00350283,0.0794028,0.0141825,0.0434979,0.00477531,0.992253,0.00541414,-0.00142376,-1.63188,-4.37361,0.0786495,0.625907,0.482037,0.0388748,0.94344,0.200049,0,0,0,0,0,0,0,0,0,0
34.2537,15.6879,0.28378,0.0102837,-0.00081776,0.45483,0.890518,-0.289922,0.863698,-1.76294,0.323699,1.05953,-2.09219,-0.229082,1.16534,-1.728,0.276079,0.999196,-1.80587,1.32061,-2.23777,-2.99192,-3.17493,0.0440661,-0.0561224,0.13107,0.02683,0.0163049,0.0615923,0.298524,-0.0317101,0.0045888,0.0802421,0.011516,0.0445295,0.00758122,0.994927,0.0188386,-0.00124136,-1.86324,-3.77606,0.0816026,0.596961,0.496134,0.0413008,0.935703,0.228075,0,0,0,0,0,0,0,0,0,0
34.2557,15.6902,0.283857,0.0106273,-0.000595701,0.455032,0.890411,-0.289829,0.873647,-1.7626,0.323683,1.04052,-2.12566,-0.228268,1.17113,-1.72312,0.276516,1.00858,-1.80351,1.32061,-2.23777,-2.99192,-3.17493,0.0440661,-0.0561224,0.13107,0.02683,0.0163049,0.0615923,0.300632,-0.0330625,0.00553876,0.0798371,0.00593798,0.0448343,0.0145757,0.992311,0.0498054,-0.00355611,-1.93638,-3.01496,0.0758822,0.560567,0.409899,0.0464321,0.937193,0.245798,0,0,0,0,0,0,0,0,0,0
34.2578,15.6924,0.283955,0.0109495,-0.000414176,0.455221,0.890311,-0.289557,0.883471,-1.7618,0.323641,1.02057,-2.15057,-0.227645,1.17619,-1.72098,0.277017,1.01783,-1.8008,1.32061,-2.23777,-2.99192,-3.17493,0.0440661,-0.0561224,0.13107,0.02683,0.0163049,0.0615923,0.30201,-0.0340829,0.00811794,0.0739649,0.0034804,0.0411072,0.0306576,0.976179,0.0962959,-0.00302928,-1.9953,-2.21153,0.0550919,0.463877,0.126942,0.0494662,0.917694,0.285585,0,0,0,0,0,0,0,0,0,0
34.2598,15.6947,0.284069,0.0112897,-0.000237137,0.455396,0.890217,-0.289241,0.893187,-1.76062,0.323598,1.00125,-2.1693,-0.22717,1.17942,-1.72058,0.277484,1.02701,-1.79785,1.32061,-2.23777,-2.99192,-3.17493,0.0440661,-0.0561224,0.13107,0.02683,0.0163049,0.0615923,0.304058,-0.0346884,0.00906992,0.070687,-0.0103106,0.0370242,0.0427267,0.973291,0.14339,-0.0150533,-1.92868,-1.53438,0.0397305,0.131255,-0.177252,0.0537507,0.93047,0.294587,0,0,0,0,0,0,0,0,0,0
34.2619,15.6969,0.284194,0.0115759,-0.000281524,0.455541,0.89014,-0.288479,0.90295,-1.75871,0.323346,0.981324,-2.17841,-0.226983,1.17767,-1.7292,0.278275,1.03654,-1.79488,1.32061,-2.23777,-2.99192,-3.17493,0.0440661,-0.0561224,0.13107,0.02683,0.0163049,0.0615923,0.305891,-0.0357685,0.0103894,0.0386418,-0.0464038,0.0298052,0.0898457,0.979046,0.216917,-0.0177958,-1.98493,-0.650458,0.0103494,-0.41072,-1.09376,0.0879473,0.968302,0.296537,0,0,0,0,0,0,0,0,0,0
34.264,15.6992,0.284329,0.0118761,-0.000477073,0.455651,0.890079,-0.287504,0.912802,-1.75623,0.323194,0.962205,-2.18277,-0.227044,1.17022,-1.7414,0.279186,1.04646,-1.79196,1.32061,-2.23777,-2.99192,-3.17493,0.0440661,-0.0561224,0.13107,0.02683,0.0163049,0.0615923,0.308448,-0.0357246,0.011115,0.0281628,-0.0703629,0.0235752,0.107126,0.986634,0.264822,-0.0353356,-1.92973,-0.146121,-0.0512099,-0.897153,-1.61005,0.0991517,0.999695,0.294178,0,0,0,0,0,0,0,0,0,0
34.2661,15.7015,0.284484,0.012077,-0.00079192,0.455746,0.890028,-0.286216,0.922602,-1.75342,0.322478,0.941515,-2.17813,-0.228651,1.15959,-1.76704,0.280388,1.05634,-1.7888,1.32061,-2.23777,-2.99192,-3.17493,0.0440661,-0.0561224,0.13107,0.02683,0.0163049,0.0615923,0.30896,-0.0360865,0.0133317,-0.000414917,-0.0738643,0.0214898,0.136644,0.97544,0.29045,-0.0628119,-2.09743,0.66707,-0.194028,-1.24758,-2.81916,0.127331,0.979315,0.329895,0,0,0,0,0,0,0,0,0,0
34.2682,15.7038,0.284659,0.0122353,-0.00111762,0.455835,0.88998,-0.284849,0.932309,-1.75039,0.322023,0.920932,-2.1704,-0.230762,1.14411,-1.7948,0.281666,1.06607,-1.78536,1.32061,-2.23777,-2.99192,-3.17493,0.0440661,-0.0561224,0.13107,0.02683,0.0163049,0.0615923,0.311265,-0.0357769,0.0149994,-0.00648283,-0.0718524,0.0211843,0.140883,0.965901,0.312214,-0.0796038,-2.10437,1.09542,-0.249123,-1.70488,-2.96247,0.13391,0.968545,0.352892,0,0,0,0,0,0,0,0,0,0
34.2703,15.7061,0.284856,0.0122937,-0.00147947,0.455933,0.889928,-0.283298,0.94186,-1.74716,0.320394,0.898152,-2.15146,-0.234177,1.12508,-1.83006,0.283197,1.07562,-1.78167,1.32061,-2.23777,-2.99192,-3.17493,0.0440661,-0.0561224,0.13107,0.02683,0.0163049,0.0615923,0.312139,-0.0359973,0.0167145,-0.0265052,-0.0652541,0.0244447,0.157451,0.948683,0.326335,-0.165366,-2.30929,2.11585,-0.372661,-2.07693,-3.6105,0.158646,0.945304,0.380724,0,0,0,0,0,0,0,0,0,0
34.2725,15.7085,0.28506,0.0123199,-0.00179895,0.456049,0.889868,-0.281777,0.951295,-1.74386,0.319159,0.875699,-2.13027,-0.23802,1.10188,-1.8639,0.284789,1.08499,-1.77775,1.32061,-2.23777,-2.99192,-3.17493,0.0440661,-0.0561224,0.13107,0.02683,0.0163049,0.0615923,0.315001,-0.0359525,0.0167767,-0.0259634,-0.0576145,0.0289756,0.152161,0.940582,0.335134,-0.151965,-2.26903,2.42107,-0.391365,-2.47748,-3.28156,0.164778,0.938076,0.39347,0,0,0,0,0,0,0,0,0,0
34.2746,15.7108,0.285262,0.0123113,-0.0021397,0.456192,0.889794,-0.280211,0.960678,-1.74044,0.316524,0.851754,-2.09759,-0.242044,1.07483,-1.8961,0.286594,1.09448,-1.77389,1.32061,-2.23777,-2.99192,-3.17493,0.0440661,-0.0561224,0.13107,0.02683,0.0163049,0.0615923,0.317173,-0.0363802,0.0152142,-0.0312967,-0.0585041,0.0359293,0.153233,0.938293,0.342686,-0.274459,-2.38769,3.45784,-0.406522,-2.83529,-3.09505,0.184949,0.953545,0.381494,0,0,0,0,0,0,0,0,0,0
34.2768,15.7132,0.285431,0.0123338,-0.00244586,0.456367,0.889703,-0.278798,0.970106,-1.73705,0.314189,0.829078,-2.06413,-0.246096,1.0453,-1.924,0.288446,1.1041,-1.77013,1.32061,-2.23777,-2.99192,-3.17493,0.0440661,-0.0561224,0.13107,0.02683,0.0163049,0.0615923,0.320669,-0.0366906,0.0112569,-0.0216146,-0.0565147,0.0430818,0.137212,0.946765,0.335921,-0.264247,-2.25768,3.61328,-0.385583,-3.06206,-2.51707,0.189602,0.972812,0.367186,0,0,0,0,0,0,0,0,0,0
34.2789,15.7156,0.28556,0.0123699,-0.00276416,0.456572,0.889596,-0.277443,0.979659,-1.73376,0.310371,0.805704,-2.0194,-0.249442,1.01266,-1.94452,0.290463,1.11404,-1.76666,1.32061,-2.23777,-2.99192,-3.17493,0.0440661,-0.0561224,0.13107,0.02683,0.0163049,0.0615923,0.323424,-0.0375051,0.00569885,-0.0182194,-0.059324,0.0497033,0.128852,0.962481,0.320319,-0.392094,-2.29581,4.62417,-0.321432,-3.33574,-1.82314,0.204806,1.0064,0.334797,0,0,0,0,0,0,0,0,0,0
34.2811,15.718,0.285612,0.01247,-0.00303564,0.456807,0.889473,-0.276318,0.989414,-1.73073,0.306951,0.784492,-1.97564,-0.252635,0.97934,-1.95989,0.292492,1.12427,-1.76348,1.32061,-2.23777,-2.99192,-3.17493,0.0440661,-0.0561224,0.13107,0.02683,0.0163049,0.0615923,0.326971,-0.0380473,-0.00245778,0.00191948,-0.0555463,0.0557782,0.101332,0.982221,0.292874,-0.352689,-2.05848,4.48802,-0.284898,-3.38242,-1.14482,0.200729,1.03363,0.306132,0,0,0,0,0,0,0,0,0,0
34.2834,15.7205,0.285592,0.0126713,-0.00323636,0.457064,0.889338,-0.275499,0.999313,-1.72793,0.30271,0.764109,-1.92514,-0.254615,0.94427,-1.96313,0.294427,1.13477,-1.76063,1.32061,-2.23777,-2.99192,-3.17493,0.0440661,-0.0561224,0.13107,0.02683,0.0163049,0.0615923,0.329687,-0.0384484,-0.0108321,0.0303161,-0.0513871,0.0600006,0.066663,0.998061,0.26633,-0.418774,-1.94789,5.06804,-0.182921,-3.49711,-0.0236744,0.186834,1.06147,0.270252,0,0,0,0,0,0,0,0,0,0
34.2856,15.7229,0.285467,0.0130017,-0.00332867,0.457335,0.889193,-0.275084,1.00944,-1.72552,0.29912,0.746899,-1.87832,-0.2566,0.910658,-1.96113,0.296165,1.14553,-1.75811,1.32061,-2.23777,-2.99192,-3.17493,0.0440661,-0.0561224,0.13107,0.02683,0.0163049,0.0615923,0.333055,-0.0387086,-0.0210232,0.068821,-0.0404242,0.0619653,0.0216171,1.01656,0.231093,-0.341493,-1.57956,4.56817,-0.16684,-3.344,0.719653,0.1586,1.07855,0.24582,0,0,0,0,0,0,0,0,0,0
34.2879,15.7255,0.285271,0.0135186,-0.00323765,0.457608,0.889046,-0.275195,1.01959,-1.72327,0.295679,0.733175,-1.83203,-0.257288,0.876855,-1.94149,0.297438,1.15628,-1.75565,1.32061,-2.23777,-2.99192,-3.17493,0.0440661,-0.0561224,0.13107,0.02683,0.0163049,0.0615923,0.336815,-0.0390021,-0.0284807,0.115705,-0.0264993,0.0608327,-0.026587,1.02152,0.21601,-0.315936,-1.20248,4.48406,-0.0420664,-3.28548,2.34522,0.115058,1.081,0.240948,0,0,0,0,0,0,0,0,0,0
34.2902,15.728,0.284977,0.0141512,-0.00303314,0.45787,0.888901,-0.275635,1.02998,-1.72134,0.29314,0.723872,-1.7912,-0.257749,0.846754,-1.91737,0.298476,1.1672,-1.75335,1.32061,-2.23777,-2.99192,-3.17493,0.0440661,-0.0561224,0.13107,0.02683,0.0163049,0.0615923,0.340921,-0.0398134,-0.0382307,0.149251,-0.0136562,0.0576009,-0.0636632,1.04705,0.174864,-0.234329,-0.752939,3.94378,-0.0159652,-2.89396,2.81249,0.0861938,1.09074,0.230301,0,0,0,0,0,0,0,0,0,0
34.2925,15.7306,0.284611,0.0149602,-0.00261507,0.458114,0.888764,-0.276645,1.04053,-1.71982,0.290867,0.719577,-1.75343,-0.25721,0.818867,-1.87858,0.298951,1.17799,-1.75093,1.32061,-2.23777,-2.99192,-3.17493,0.0440661,-0.0561224,0.13107,0.02683,0.0163049,0.0615923,0.344952,-0.039507,-0.043362,0.189693,0.00055156,0.0481997,-0.106743,1.06089,0.151699,-0.181019,-0.0308754,2.98785,0.0474469,-2.60937,4.12301,0.0356497,1.0797,0.247579,0,0,0,0,0,0,0,0,0,0
34.2948,15.7332,0.284259,0.0157699,-0.00235674,0.458265,0.888672,-0.277392,1.05115,-1.7178,0.290169,0.726638,-1.7415,-0.256895,0.796637,-1.83912,0.299423,1.18901,-1.74836,1.32061,-2.23777,-2.99192,-3.17493,0.0440661,-0.0561224,0.13107,0.02683,0.0163049,0.0615923,0.345437,-0.0395873,-0.0377414,0.148437,-0.0550258,0.0226378,-0.0482141,1.07046,0.238253,-0.00735845,1.06274,0.380874,0.0466442,-1.9847,4.03994,0.0576602,1.12937,0.257973,0,0,0,0,0,0,0,0,0,0
34.2971,15.7358,0.283989,0.016557,-0.00256519,0.458261,0.88866,-0.27752,1.06207,-1.71478,0.290665,0.740032,-1.743,-0.256118,0.780172,-1.79421,0.300085,1.20095,-1.74589,1.32061,-2.23777,-2.99192,-3.17493,0.0440661,-0.0561224,0.13107,0.02683,0.0163049,0.0615923,0.346274,-0.0373006,-0.0292825,0.0981024,-0.147444,-0.0144221,0.0165478,1.10021,0.355822,0.0844679,1.46547,-0.361734,0.065787,-1.3751,4.4948,0.0763973,1.23731,0.239592,0,0,0,0,0,0,0,0,0,0
34.2994,15.7383,0.283908,0.0171958,-0.00283366,0.458206,0.888675,-0.277237,1.07219,-1.71085,0.29158,0.754621,-1.74787,-0.255775,0.778647,-1.77268,0.300713,1.21173,-1.74214,1.32061,-2.23777,-2.99192,-3.17493,0.0440661,-0.0561224,0.13107,0.02683,0.0163049,0.0615923,0.336852,-0.0359053,-0.00481885,0.0876169,-0.0762724,-0.00867068,0.0265703,0.970274,0.387112,0.0884599,1.43514,-0.525752,0.0172979,0.438419,1.07502,0.0477514,0.977885,0.452929,0,0,0,0,0,0,0,0,0,0
34.3016,15.7408,0.284034,0.0176525,-0.00272053,0.458187,0.888676,-0.277103,1.08142,-1.70744,0.292329,0.768281,-1.75306,-0.255724,0.786981,-1.7693,0.30094,1.22002,-1.73659,1.32061,-2.23777,-2.99192,-3.17493,0.0440661,-0.0561224,0.13107,0.02683,0.0163049,0.0615923,0.328457,-0.0344192,0.0147435,0.0947847,0.0169022,6.62748e-05,0.00706181,0.87582,0.32844,0.0641416,1.3097,-0.500004,0.00240289,0.980019,0.0337735,0.00589075,0.720195,0.633615,0,0,0,0,0,0,0,0,0,0
34.3037,15.7433,0.28435,0.0179417,-0.00216667,0.458216,0.888657,-0.277134,1.0894,-1.70427,0.292777,0.780452,-1.75754,-0.255687,0.797087,-1.77032,0.3007,1.22562,-1.72909,1.32061,-2.23777,-2.99192,-3.17493,0.0440661,-0.0561224,0.13107,0.02683,0.0163049,0.0615923,0.321037,-0.0332246,0.0301977,0.0967059,0.101658,0.00441022,-0.0100929,0.779979,0.231189,0.0432581,1.16105,-0.402982,0.010611,1.01747,-0.153463,-0.0320809,0.482319,0.797626,0,0,0,0,0,0,0,0,0,0
34.3059,15.7457,0.284687,0.0179365,-0.00146073,0.458207,0.888663,-0.277247,1.09743,-1.70428,0.293494,0.79151,-1.76094,-0.255347,0.807351,-1.7722,0.300526,1.23,-1.72105,1.32061,-2.23777,-2.99192,-3.17493,0.0440661,-0.0561224,0.13107,0.02683,0.0163049,0.0615923,0.317204,-0.0319017,0.0273491,0.0453191,0.140775,-0.0102302,-0.00827291,0.805382,-0.090961,0.0881184,1.07389,-0.308062,0.0482766,1.01728,-0.185803,-0.0111655,0.405991,0.815072,0,0,0,0,0,0,0,0,0,0
34.3079,15.748,0.284987,0.0176834,-0.000701226,0.458146,0.888701,-0.277414,1.10535,-1.70717,0.29456,0.801896,-1.76373,-0.254695,0.817206,-1.77369,0.300452,1.23361,-1.71269,1.32061,-2.23777,-2.99192,-3.17493,0.0440661,-0.0561224,0.13107,0.02683,0.0163049,0.0615923,0.314102,-0.0297399,0.0229952,0.0064995,0.164547,-0.0228316,-0.0642443,0.804238,-0.948636,0.122049,1.01819,-0.25199,0.0771901,0.97265,-0.129109,-0.00296023,0.34135,0.840507,0,0,0,0,0,0,0,0,0,0
34.31,15.7504,0.285212,0.0172168,-7.97606e-05,0.457992,0.88879,-0.279011,1.11231,-1.7328,0.296067,0.811958,-1.76568,-0.253782,0.827149,-1.77494,0.300512,1.23718,-1.70448,1.32061,-2.23777,-2.99192,-3.17493,0.0440661,-0.0561224,0.13107,0.02683,0.0163049,0.0615923,0.314185,-0.0264328,0.015758,-0.042129,0.137893,-0.0487367,-0.161511,0.491003,-3.04511,0.164205,1.00664,-0.158619,0.0937323,1.01801,-0.125133,0.00669138,0.378424,0.806746,0,0,0,0,0,0,0,0,0,0
34.312,15.7529,0.285379,0.016708,0.000269477,0.457708,0.888946,-0.280198,1.11369,-1.76369,0.297853,0.822173,-1.7668,-0.252884,0.837809,-1.77626,0.300559,1.24141,-1.69662,1.32061,-2.23777,-2.99192,-3.17493,0.0440661,-0.0561224,0.13107,0.02683,0.0163049,0.0615923,0.31703,-0.0224519,0.0106408,-0.0693398,0.0920972,-0.0752084,-0.121694,-0.0432046,-3.33688,0.186065,1.03062,-0.0886621,0.0882544,1.08843,-0.129734,0.00377868,0.440964,0.779665,0,0,0,0,0,0,0,0,0,0
34.314,15.7553,0.285502,0.0161684,0.000430587,0.457341,0.889144,-0.281927,1.11117,-1.80366,0.299769,0.832599,-1.76746,-0.25202,0.848865,-1.77742,0.300584,1.2459,-1.68879,1.32061,-2.23777,-2.99192,-3.17493,0.0440661,-0.0561224,0.13107,0.02683,0.0163049,0.0615923,0.319894,-0.0179128,0.00704214,-0.0884199,0.0627585,-0.0903183,-0.169783,-0.453307,-4.09261,0.193786,1.05365,-0.0475099,0.0826662,1.12498,-0.112724,0.00115315,0.464944,0.78163,0,0,0,0,0,0,0,0,0,0
34.316,15.7579,0.285595,0.0156538,0.000403123,0.456906,0.889377,-0.283267,1.10339,-1.84196,0.30171,0.843348,-1.76772,-0.251281,0.86045,-1.77855,0.300571,1.25086,-1.68106,1.32061,-2.23777,-2.99192,-3.17493,0.0440661,-0.0561224,0.13107,0.02683,0.0163049,0.0615923,0.323808,-0.0135221,0.00409331,-0.0968966,0.0304149,-0.101428,-0.128969,-0.981008,-3.72408,0.190957,1.08662,-0.0169197,0.0693127,1.16979,-0.1047,-0.00254104,0.508858,0.766982,0,0,0,0,0,0,0,0,0,0
34.318,15.7604,0.28566,0.0151719,0.00030073,0.456467,0.889611,-0.28488,1.09086,-1.87884,0.303501,0.854322,-1.76785,-0.250636,0.872102,-1.77936,0.300528,1.256,-1.67345,1.32061,-2.23777,-2.99192,-3.17493,0.0440661,-0.0561224,0.13107,0.02683,0.0163049,0.0615923,0.326106,-0.00921955,0.00135327,-0.0944859,0.0193866,-0.0978962,-0.17174,-1.42709,-3.5527,0.17123,1.10578,-0.0105901,0.0592784,1.16714,-0.0705661,-0.0069534,0.519939,0.756681,0,0,0,0,0,0,0,0,0,0
34.32,15.7631,0.285696,0.0147408,0.000148751,0.456038,0.889838,-0.286669,1.07455,-1.91106,0.305094,0.865514,-1.76791,-0.250151,0.883867,-1.77999,0.300396,1.26133,-1.66608,1.32061,-2.23777,-2.99192,-3.17493,0.0440661,-0.0561224,0.13107,0.02683,0.0163049,0.0615923,0.328564,-0.00522274,-0.00223899,-0.0864055,0.00401817,-0.0942455,-0.185805,-1.77497,-3.00775,0.148101,1.12824,-0.00316575,0.0410437,1.18176,-0.0566543,-0.0162325,0.550936,0.673558,0,0,0,0,0,0,0,0,0,0
34.3219,15.7657,0.285681,0.014427,-5.28081e-05,0.455655,0.890039,-0.288699,1.05459,-1.93832,0.306355,0.876933,-1.76792,-0.249853,0.89576,-1.78051,0.300196,1.26718,-1.66113,1.32061,-2.23777,-2.99192,-3.17493,0.0440661,-0.0561224,0.13107,0.02683,0.0163049,0.0615923,0.328824,-0.00232697,-0.00793369,-0.0691142,-0.0151197,-0.0805795,-0.21456,-2.10724,-2.53593,0.114211,1.1501,0.000291977,0.0234368,1.19499,-0.0521599,-0.0230386,0.59803,0.416601,0,0,0,0,0,0,0,0,0,0
34.3239,15.7684,0.285616,0.0141897,-0.000290901,0.455327,0.890211,-0.290971,1.0326,-1.96076,0.307374,0.888521,-1.76791,-0.249681,0.907777,-1.78105,0.299936,1.27315,-1.65847,1.32061,-2.23777,-2.99192,-3.17493,0.0440661,-0.0561224,0.13107,0.02683,0.0163049,0.0615923,0.328686,-0.00015137,-0.0127767,-0.0594456,-0.0257821,-0.0692245,-0.219219,-2.29662,-1.98452,0.0926032,1.16066,0.00402989,0.012721,1.20066,-0.0482305,-0.0184868,0.614638,-0.156877,0,0,0,0,0,0,0,0,0,0
34.3258,15.771,0.285501,0.0140432,-0.000585537,0.455057,0.890351,-0.292821,1.00772,-1.97611,0.308175,0.900169,-1.76774,-0.249573,0.919871,-1.78153,0.299624,1.27708,-1.66981,1.32061,-2.23777,-2.99192,-3.17493,0.0440661,-0.0561224,0.13107,0.02683,0.0163049,0.0615923,0.327237,0.000118054,-0.0181357,-0.0539912,-0.0516577,-0.0517922,-0.178082,-2.55578,-1.32564,0.0756658,1.17198,0.0275023,0.0145658,1.22473,-0.0584478,-0.0652382,0.124343,-1.43068,0,0,0,0,0,0,0,0,0,0
34.3277,15.7737,0.285339,0.0139273,-0.00101949,0.454881,0.890443,-0.294636,0.982104,-1.98723,0.308921,0.912001,-1.7673,-0.249308,0.932368,-1.78229,0.298529,1.27434,-1.6855,1.32061,-2.23777,-2.99192,-3.17493,0.0440661,-0.0561224,0.13107,0.02683,0.0163049,0.0615923,0.327387,-0.000447521,-0.022222,-0.0599538,-0.0752602,-0.0313827,-0.160884,-2.61456,-0.864969,0.0699909,1.18356,0.0576719,0.0299016,1.25607,-0.0758105,-0.0986585,-0.440109,-2.02191,0,0,0,0,0,0,0,0,0,0
34.3296,15.7763,0.285163,0.0138632,-0.001483,0.454772,0.890499,-0.2956,0.954437,-1.99114,0.309516,0.923678,-1.76652,-0.248994,0.944742,-1.78279,0.29823,1.2685,-1.71684,1.32061,-2.23777,-2.99192,-3.17493,0.0440661,-0.0561224,0.13107,0.02683,0.0163049,0.0615923,0.325223,-0.00124129,-0.0222178,-0.0568257,-0.0756992,-0.0161242,-0.0750301,-2.80255,-0.212767,0.0594919,1.15835,0.089606,0.0412277,1.22546,-0.0359308,-0.0143,-0.779286,-3.42217,0,0,0,0,0,0,0,0,0,0
34.3316,15.779,0.285,0.0137254,-0.00196739,0.454748,0.890512,-0.296265,0.926845,-1.99158,0.31018,0.935164,-1.76543,-0.248354,0.956898,-1.78302,0.298164,1.25721,-1.75001,1.32061,-2.23777,-2.99192,-3.17493,0.0440661,-0.0561224,0.13107,0.02683,0.0163049,0.0615923,0.325698,-0.00251308,-0.0204498,-0.0700266,-0.0736011,0.0024158,-0.0465725,-2.77729,0.259177,0.063979,1.13842,0.12626,0.0703935,1.20897,-0.0122451,-0.00107762,-1.33855,-3.38008,0,0,0,0,0,0,0,0,0,0
34.3335,15.7816,0.284871,0.0136147,-0.0024302,0.454779,0.890497,-0.296364,0.898293,-1.9823,0.310678,0.946329,-1.76388,-0.247693,0.968826,-1.78292,0.298214,1.24093,-1.78672,1.32061,-2.23777,-2.99192,-3.17493,0.0440661,-0.0561224,0.13107,0.02683,0.0163049,0.0615923,0.325025,-0.00259926,-0.0168483,-0.0632452,-0.069114,0.0126383,-0.00472616,-2.83125,1.13419,0.0485903,1.10406,0.170157,0.0716162,1.18093,0.0237204,0.00466196,-1.83951,-3.65573,0,0,0,0,0,0,0,0,0,0
34.3354,15.7842,0.284773,0.0134317,-0.00288306,0.454857,0.890459,-0.296331,0.871324,-1.9704,0.31125,0.957234,-1.762,-0.246808,0.980503,-1.78252,0.298256,1.21977,-1.82057,1.32061,-2.23777,-2.99192,-3.17493,0.0440661,-0.0561224,0.13107,0.02683,0.0163049,0.0615923,0.326024,-0.00353004,-0.0138031,-0.0767574,-0.0613402,0.0215256,0.0323307,-2.65839,1.45792,0.0586037,1.07926,0.20273,0.0943535,1.16015,0.0507818,0.00319678,-2.3107,-3.2419,0,0,0,0,0,0,0,0,0,0
34.3373,15.7868,0.284718,0.0132422,-0.00330696,0.454958,0.890408,-0.295565,0.844724,-1.94886,0.311756,0.96783,-1.75974,-0.2459,0.991967,-1.78182,0.298269,1.19356,-1.85164,1.32061,-2.23777,-2.99192,-3.17493,0.0440661,-0.0561224,0.13107,0.02683,0.0163049,0.0615923,0.326279,-0.00320402,-0.0100534,-0.0710896,-0.054393,0.0254852,0.0644175,-2.58363,2.32456,0.0481031,1.04952,0.236049,0.0908115,1.13627,0.0821959,0.000791485,-2.79432,-2.96253,0,0,0,0,0,0,0,0,0,0
34.3393,15.7895,0.284686,0.0130218,-0.00369473,0.455071,0.890352,-0.295139,0.820863,-1.92614,0.312271,0.978229,-1.75729,-0.24495,1.00321,-1.78085,0.298233,1.16393,-1.87831,1.32061,-2.23777,-2.99192,-3.17493,0.0440661,-0.0561224,0.13107,0.02683,0.0163049,0.0615923,0.327652,-0.00316509,-0.00826677,-0.0754794,-0.0453254,0.0264321,0.062608,-2.31134,2.47802,0.0529458,1.0321,0.25202,0.0958893,1.11832,0.106271,-0.0227824,-3.11118,-2.40906,0,0,0,0,0,0,0,0,0,0
34.3412,15.7921,0.284677,0.0127803,-0.0040411,0.45518,0.890298,-0.294018,0.798129,-1.8951,0.312792,0.988416,-1.75469,-0.244021,1.01428,-1.77966,0.297635,1.13016,-1.8981,1.32061,-2.23777,-2.99192,-3.17493,0.0440661,-0.0561224,0.13107,0.02683,0.0163049,0.0615923,0.328261,-0.00265935,-0.00681622,-0.074695,-0.0345876,0.0248371,0.10311,-2.17512,3.21468,0.0533835,1.01244,0.261064,0.0922398,1.09792,0.127635,-0.06197,-3.48509,-1.76964,0,0,0,0,0,0,0,0,0,0
34.3432,15.7948,0.284664,0.0124974,-0.00433972,0.455282,0.890249,-0.293372,0.778615,-1.86468,0.313377,0.998496,-1.75211,-0.243089,1.02515,-1.77826,0.297146,1.09493,-1.91317,1.32061,-2.23777,-2.99192,-3.17493,0.0440661,-0.0561224,0.13107,0.02683,0.0163049,0.0615923,0.329809,-0.00228309,-0.00779743,-0.0804788,-0.0222723,0.0223301,0.072153,-1.8438,3.11605,0.0633288,1.00442,0.256053,0.0948889,1.08153,0.14443,-0.0827246,-3.60348,-1.13887,0,0,0,0,0,0,0,0,0,0
34.3451,15.7974,0.284642,0.0121477,-0.00460317,0.455369,0.890208,-0.292257,0.761233,-1.8298,0.314092,1.00849,-1.7496,-0.242113,1.0359,-1.77677,0.295342,1.05722,-1.91686,1.32061,-2.23777,-2.99192,-3.17493,0.0440661,-0.0561224,0.13107,0.02683,0.0163049,0.0615923,0.331256,-0.00174992,-0.00968084,-0.0886978,-0.0101773,0.0188649,0.104865,-1.61463,3.49313,0.0762525,0.999323,0.244985,0.0980926,1.07068,0.151621,-0.201192,-3.78223,-0.0923309,0,0,0,0,0,0,0,0,0,0
34.3471,15.8001,0.284581,0.0117443,-0.00482853,0.455445,0.890173,-0.291565,0.747484,-1.79756,0.314927,1.01853,-1.74729,-0.241126,1.04656,-1.77523,0.293439,1.02062,-1.91581,1.32061,-2.23777,-2.99192,-3.17493,0.0440661,-0.0561224,0.13107,0.02683,0.0163049,0.0615923,0.333504,-0.0013497,-0.0145108,-0.0992354,0.00214893,0.0169455,0.0687146,-1.22058,3.13882,0.0942882,1.01041,0.215079,0.104195,1.06753,0.149984,-0.237169,-3.64216,0.569568,0,0,0,0,0,0,0,0,0,0
34.3491,15.8028,0.284459,0.0112051,-0.00504962,0.455516,0.890143,-0.290551,0.737584,-1.76591,0.31611,1.02881,-1.74545,-0.239938,1.05734,-1.7739,0.289692,0.984064,-1.89904,1.32061,-2.23777,-2.99192,-3.17493,0.0440661,-0.0561224,0.13107,0.02683,0.0163049,0.0615923,0.33686,-0.00143846,-0.0221636,-0.122661,0.0133725,0.0167924,0.103783,-0.819759,3.06079,0.129166,1.04022,0.164204,0.123667,1.08543,0.122066,-0.40167,-3.54403,2.00761,0,0,0,0,0,0,0,0,0,0
34.3511,15.8056,0.284264,0.0106564,-0.00528096,0.4556,0.890105,-0.289788,0.734577,-1.74421,0.317388,1.03937,-1.74393,-0.238754,1.06834,-1.77279,0.285879,0.951695,-1.87854,1.32061,-2.23777,-2.99192,-3.17493,0.0440661,-0.0561224,0.13107,0.02683,0.0163049,0.0615923,0.338225,-0.00125518,-0.0270794,-0.110561,-0.00225763,0.0222709,0.0550068,0.243602,1.17941,0.121539,1.07309,0.146411,0.110454,1.12188,0.0971583,-0.417716,-3.07733,2.37433,0,0,0,0,0,0,0,0,0,0
34.353,15.8083,0.284048,0.0103506,-0.00565275,0.455726,0.890042,-0.289461,0.742566,-1.74068,0.318391,1.05048,-1.74243,-0.237868,1.08019,-1.77219,0.280507,0.923023,-1.84604,1.32061,-2.23777,-2.99192,-3.17493,0.0440661,-0.0561224,0.13107,0.02683,0.0163049,0.0615923,0.338981,-0.00185874,-0.0285075,-0.0701764,-0.0668568,0.0339686,0.0173352,1.06285,-0.0133948,0.0810288,1.13058,0.16932,0.0717717,1.22816,0.0388151,-0.557953,-2.6379,3.44563,0,0,0,0,0,0,0,0,0,0
34.355,15.8111,0.283871,0.0102998,-0.00609405,0.455882,0.88996,-0.289448,0.754823,-1.74327,0.318969,1.06161,-1.74047,-0.237301,1.09224,-1.77146,0.27642,0.90545,-1.82092,1.32061,-2.23777,-2.99192,-3.17493,0.0440661,-0.0561224,0.13107,0.02683,0.0163049,0.0615923,0.33308,-0.00258894,-0.0195796,-0.044191,-0.0458312,0.0333171,-0.000423853,1.26607,-0.373609,0.0592612,1.08871,0.165516,0.0581316,1.13029,0.12617,-0.233272,-0.834721,1.43208,0,0,0,0,0,0,0,0,0,0
34.357,15.8137,0.283804,0.0100413,-0.00610997,0.455991,0.889907,-0.289388,0.767234,-1.74783,0.319772,1.07213,-1.73978,-0.236592,1.10206,-1.76933,0.275536,0.905806,-1.81402,1.32061,-2.23777,-2.99192,-3.17493,0.0440661,-0.0561224,0.13107,0.02683,0.0163049,0.0615923,0.322043,-0.00333588,-0.008314,-0.0517441,0.0670631,0.0178106,0.0134816,1.20827,-0.491478,0.0932606,1.01116,0.0294698,0.0821668,0.87293,0.284231,-0.0237909,0.405462,0.372641,0,0,0,0,0,0,0,0,0,0
34.3588,15.8162,0.283851,0.00949631,-0.00566188,0.456027,0.889897,-0.28914,0.778608,-1.75281,0.320791,1.08149,-1.74016,-0.235637,1.10924,-1.76542,0.275671,0.911892,-1.81212,1.32061,-2.23777,-2.99192,-3.17493,0.0440661,-0.0561224,0.13107,0.02683,0.0163049,0.0615923,0.311762,-0.00368954,0.000750887,-0.0455799,0.160315,0.00256867,0.0223279,1.08222,-0.460553,0.0877826,0.897053,-0.238057,0.0899571,0.647234,0.426436,0.0202246,0.699841,0.108999,0,0,0,0,0,0,0,0,0,0
34.3607,15.8187,0.283889,0.00903631,-0.0049035,0.456047,0.889896,-0.289088,0.78872,-1.75644,0.321233,1.08984,-1.7475,-0.23499,1.11541,-1.76129,0.275781,0.919688,-1.81171,1.32061,-2.23777,-2.99192,-3.17493,0.0440661,-0.0561224,0.13107,0.02683,0.0163049,0.0615923,0.304083,-0.00585507,-0.00267576,0.00286328,0.185243,0.00258121,-0.0015987,0.975406,-0.318985,0.024097,0.791514,-0.918046,0.0552666,0.595758,0.414642,0.0067686,0.808036,0.0172454,0,0,0,0,0,0,0,0,0,0
34.3625,15.8211,0.283895,0.00869031,-0.00401237,0.456069,0.889893,-0.289176,0.798148,-1.75926,0.321383,1.0973,-1.75903,-0.234501,1.12107,-1.75701,0.275795,0.927857,-1.81158,1.32061,-2.23777,-2.99192,-3.17493,0.0440661,-0.0561224,0.13107,0.02683,0.0163049,0.0615923,0.297354,-0.00901386,-0.0052971,0.0370457,0.19145,0.00444258,-0.01943,0.918451,-0.247099,0.0524103,0.793586,-1.94001,0.040003,0.547815,0.433253,-0.00806267,0.81723,0.0180898,0,0,0,0,0,0,0,0,0,0
34.3643,15.8234,0.283868,0.00857968,-0.00306519,0.456124,0.889869,-0.289553,0.807043,-1.76103,0.322587,1.1055,-1.79759,-0.234242,1.1265,-1.7527,0.275565,0.936123,-1.81128,1.32061,-2.23777,-2.99192,-3.17493,0.0440661,-0.0561224,0.13107,0.02683,0.0163049,0.0615923,0.292558,-0.0130292,-0.00650094,0.0763995,0.16165,0.0149045,-0.0387501,0.882121,-0.132176,0.0949852,0.663725,-4.3967,0.0258497,0.554706,0.428753,-0.0217226,0.844,0.0350213,0,0,0,0,0,0,0,0,0,0
34.3661,15.8257,0.283852,0.00863845,-0.00232442,0.45622,0.889822,-0.289821,0.815953,-1.76182,0.323077,1.10874,-1.84135,-0.233884,1.13237,-1.74846,0.275467,0.944932,-1.81088,1.32061,-2.23777,-2.99192,-3.17493,0.0440661,-0.0561224,0.13107,0.02683,0.0163049,0.0615923,0.291049,-0.017908,-0.00449906,0.0815369,0.109306,0.0230462,-0.0240596,0.89849,-0.0595044,0.0463756,0.157803,-4.67096,0.0388017,0.598414,0.424331,-0.00560691,0.8936,0.0511897,0,0,0,0,0,0,0,0,0,0
34.368,15.8279,0.283844,0.00882314,-0.00171121,0.456347,0.889757,-0.290088,0.825058,-1.76231,0.323749,1.10845,-1.89661,-0.233491,1.13839,-1.74413,0.275427,0.95391,-1.8101,1.32061,-2.23777,-2.99192,-3.17493,0.0440661,-0.0561224,0.13107,0.02683,0.0163049,0.0615923,0.290358,-0.0218364,-0.00274521,0.0899816,0.0758982,0.0300995,-0.022585,0.921667,-0.0337834,0.0474821,-0.225696,-5.64695,0.0433798,0.613665,0.435407,0.00108695,0.911452,0.0890925,0,0,0,0,0,0,0,0,0,0
34.3699,15.8301,0.283863,0.00909455,-0.00129845,0.456504,0.889674,-0.290206,0.834477,-1.76241,0.323914,1.10286,-1.94958,-0.232935,1.14476,-1.73975,0.275586,0.963318,-1.80914,1.32061,-2.23777,-2.99192,-3.17493,0.0440661,-0.0561224,0.13107,0.02683,0.0163049,0.0615923,0.291646,-0.0256444,3.34021e-05,0.0856797,0.0364756,0.0369072,-0.00820358,0.953794,-0.00428078,0.00215981,-0.760933,-5.19685,0.0597161,0.645034,0.440875,0.0211349,0.949921,0.107876,0,0,0,0,0,0,0,0,0,0
34.3718,15.8324,0.283898,0.00940976,-0.000973318,0.456673,0.889584,-0.290265,0.844139,-1.7625,0.323927,1.0925,-2.00223,-0.232319,1.15116,-1.73526,0.275818,0.972763,-1.80779,1.32061,-2.23777,-2.99192,-3.17493,0.0440661,-0.0561224,0.13107,0.02683,0.0163049,0.0615923,0.292581,-0.0283189,0.00160258,0.0846459,0.0223893,0.0389377,-0.00267884,0.974717,-0.00623962,-0.000101049,-1.22309,-5.11546,0.0656942,0.640108,0.454912,0.0280962,0.94794,0.146152,0,0,0,0,0,0,0,0,0,0
34.3738,15.8346,0.283949,0.00974712,-0.000737195,0.456859,0.889485,-0.290231,0.853997,-1.76247,0.323864,1.07804,-2.04884,-0.231578,1.15758,-1.73063,0.2762,0.98236,-1.80624,1.32061,-2.23777,-2.99192,-3.17493,0.0440661,-0.0561224,0.13107,0.02683,0.0163049,0.0615923,0.294652,-0.0308037,0.00299993,0.0801551,0.00664397,0.0428217,0.00688959,0.990995,0.00906065,-0.00757129,-1.5812,-4.38706,0.0781995,0.639723,0.466111,0.0429024,0.961924,0.164938,0,0,0,0,0,0,0,0,0,0
34.3757,15.8368,0.284009,0.0100871,-0.000535688,0.457052,0.889383,-0.29013,0.863929,-1.76232,0.323816,1.06058,-2.08939,-0.230768,1.16382,-1.72592,0.276651,0.991905,-1.80438,1.32061,-2.23777,-2.99192,-3.17493,0.0440661,-0.0561224,0.13107,0.02683,0.0163049,0.0615923,0.296285,-0.0324343,0.00386205,0.0785974,0.00355634,0.0436108,0.0125308,0.994379,0.0211448,-0.00355695,-1.82703,-3.79652,0.0834683,0.614133,0.476139,0.0474423,0.953073,0.195726,0,0,0,0,0,0,0,0,0,0
34.3777,15.839,0.284075,0.0104373,-0.000354121,0.457249,0.889277,-0.289977,0.873873,-1.76196,0.323785,1.04186,-2.12308,-0.229921,1.16979,-1.72123,0.277158,1.00146,-1.80234,1.32061,-2.23777,-2.99192,-3.17493,0.0440661,-0.0561224,0.13107,0.02683,0.0163049,0.0615923,0.298296,-0.0338641,0.00457566,0.0773703,-0.00205107,0.0438612,0.0203942,0.992109,0.0507442,-0.00510105,-1.91079,-3.04501,0.0808473,0.579817,0.398307,0.0533792,0.954287,0.214161,0,0,0,0,0,0,0,0,0,0
34.3798,15.8412,0.284157,0.0107713,-0.000211611,0.457433,0.889179,-0.289662,0.883706,-1.76117,0.32373,1.02218,-2.1485,-0.229222,1.17508,-1.71912,0.277722,1.0109,-1.79996,1.32061,-2.23777,-2.99192,-3.17493,0.0440661,-0.0561224,0.13107,0.02683,0.0163049,0.0615923,0.29962,-0.0348557,0.00661992,0.0728349,-0.00494263,0.0403262,0.0344592,0.977589,0.0944859,-0.00396371,-1.96857,-2.26957,0.0641538,0.487927,0.128395,0.0555736,0.937898,0.250478,0,0,0,0,0,0,0,0,0,0
34.3818,15.8435,0.284253,0.0111254,-7.98308e-05,0.457603,0.889087,-0.289299,0.893442,-1.75999,0.323664,1.00306,-2.16752,-0.228646,1.17844,-1.71889,0.278257,1.0203,-1.79738,1.32061,-2.23777,-2.99192,-3.17493,0.0440661,-0.0561224,0.13107,0.02683,0.0163049,0.0615923,0.301627,-0.035419,0.00716839,0.0705798,-0.0189539,0.0359728,0.0452092,0.975976,0.139285,-0.015541,-1.90171,-1.59529,0.0526252,0.154588,-0.147054,0.0588157,0.952565,0.257199,0,0,0,0,0,0,0,0,0,0
34.3839,15.8457,0.284356,0.0114443,-0.000146775,0.45774,0.889012,-0.288556,0.903226,-1.75815,0.323394,0.983456,-2.17751,-0.228372,1.17687,-1.72639,0.279048,1.03003,-1.79477,1.32061,-2.23777,-2.99192,-3.17493,0.0440661,-0.0561224,0.13107,0.02683,0.0163049,0.0615923,0.303412,-0.036282,0.00822719,0.0421218,-0.0542194,0.0277502,0.088488,0.981288,0.211987,-0.0203959,-1.95566,-0.709542,0.0152408,-0.403676,-1.00182,0.0877777,0.989087,0.259871,0,0,0,0,0,0,0,0,0,0
34.3859,15.848,0.284467,0.0117785,-0.000366849,0.457839,0.888957,-0.287597,0.913103,-1.75573,0.323229,0.964636,-2.18241,-0.228397,1.16952,-1.73772,0.279952,1.04016,-1.79223,1.32061,-2.23777,-2.99192,-3.17493,0.0440661,-0.0561224,0.13107,0.02683,0.0163049,0.0615923,0.305862,-0.036194,0.00862288,0.0316106,-0.0777541,0.0209504,0.105612,0.989561,0.257377,-0.0357404,-1.89899,-0.201542,-0.0457315,-0.884696,-1.52795,0.0984546,1.02036,0.2568,0,0,0,0,0,0,0,0,0,0
34.388,15.8503,0.284592,0.0120077,-0.000705545,0.457921,0.888911,-0.286319,0.922942,-1.75303,0.32252,0.944266,-2.1784,-0.229866,1.15907,-1.76265,0.281153,1.05024,-1.78945,1.32061,-2.23777,-2.99192,-3.17493,0.0440661,-0.0561224,0.13107,0.02683,0.0163049,0.0615923,0.306277,-0.0365603,0.0104113,0.00175061,-0.080346,0.018672,0.135835,0.979802,0.27833,-0.0622075,-2.06557,0.604672,-0.175352,-1.22654,-2.7555,0.127683,0.999672,0.291903,0,0,0,0,0,0,0,0,0,0
34.3901,15.8526,0.284736,0.0121869,-0.00105252,0.457996,0.88887,-0.284956,0.932693,-1.75013,0.322067,0.923984,-2.17125,-0.23174,1.14383,-1.78988,0.282438,1.06016,-1.78639,1.32061,-2.23777,-2.99192,-3.17493,0.0440661,-0.0561224,0.13107,0.02683,0.0163049,0.0615923,0.308428,-0.0362188,0.0118007,-0.00520394,-0.0769897,0.0179827,0.140648,0.970155,0.297103,-0.0796226,-2.07568,1.03832,-0.223928,-1.67823,-2.92266,0.134598,0.987278,0.314967,0,0,0,0,0,0,0,0,0,0
34.3922,15.8549,0.284899,0.0122607,-0.00142911,0.458079,0.888826,-0.283409,0.942278,-1.74707,0.320428,0.901465,-2.1529,-0.234913,1.1251,-1.82502,0.283972,1.06989,-1.78307,1.32061,-2.23777,-2.99192,-3.17493,0.0440661,-0.0561224,0.13107,0.02683,0.0163049,0.0615923,0.309065,-0.0363669,0.0133846,-0.0253447,-0.06845,0.0209692,0.156987,0.951428,0.30909,-0.167292,-2.2852,2.05838,-0.348365,-2.04646,-3.60977,0.158689,0.960812,0.343929,0,0,0,0,0,0,0,0,0,0
34.3943,15.8572,0.28507,0.0122972,-0.00175445,0.458178,0.888774,-0.281893,0.951731,-1.74395,0.319165,0.879217,-2.13222,-0.238511,1.10217,-1.85891,0.285559,1.07939,-1.7795,1.32061,-2.23777,-2.99192,-3.17493,0.0440661,-0.0561224,0.13107,0.02683,0.0163049,0.0615923,0.311693,-0.0362579,0.0134563,-0.0249436,-0.0588206,0.0251392,0.15162,0.941685,0.316034,-0.155,-2.25209,2.37526,-0.367827,-2.45251,-3.29211,0.164083,0.949999,0.358156,0,0,0,0,0,0,0,0,0,0
34.3964,15.8595,0.285238,0.0122939,-0.00209353,0.458303,0.888708,-0.280334,0.961113,-1.74073,0.316492,0.855371,-2.0999,-0.242337,1.07535,-1.89135,0.287355,1.08898,-1.776,1.32061,-2.23777,-2.99192,-3.17493,0.0440661,-0.0561224,0.13107,0.02683,0.0163049,0.0615923,0.31359,-0.0366347,0.0119817,-0.0303894,-0.0579212,0.031959,0.152581,0.937461,0.32229,-0.278237,-2.38167,3.42794,-0.388742,-2.81447,-3.12213,0.18379,0.962057,0.347416,0,0,0,0,0,0,0,0,0,0
34.3985,15.8619,0.285375,0.0123177,-0.00239014,0.458461,0.888626,-0.278928,0.970523,-1.73755,0.314127,0.832713,-2.06668,-0.246236,1.04599,-1.91952,0.28919,1.09867,-1.77257,1.32061,-2.23777,-2.99192,-3.17493,0.0440661,-0.0561224,0.13107,0.02683,0.0163049,0.0615923,0.316836,-0.0368985,0.00817262,-0.02063,-0.0544809,0.0390001,0.136395,0.944183,0.314846,-0.266865,-2.25856,3.59031,-0.372429,-3.04735,-2.54943,0.187717,0.978285,0.334443,0,0,0,0,0,0,0,0,0,0
34.4007,15.8643,0.285473,0.0123542,-0.0026961,0.458648,0.888528,-0.27758,0.980039,-1.73446,0.310282,0.809293,-2.02216,-0.249486,1.0135,-1.94049,0.291187,1.10866,-1.76942,1.32061,-2.23777,-2.99192,-3.17493,0.0440661,-0.0561224,0.13107,0.02683,0.0163049,0.0615923,0.319385,-0.0376871,0.00285123,-0.0171599,-0.0570125,0.0456637,0.128169,0.958209,0.300836,-0.394675,-2.30259,4.605,-0.313422,-3.32149,-1.87049,0.202595,1.01074,0.302555,0,0,0,0,0,0,0,0,0,0
34.4028,15.8667,0.285498,0.012454,-0.0029536,0.458864,0.888414,-0.276462,0.989745,-1.73163,0.306842,0.787988,-1.97857,-0.252614,0.980291,-1.95633,0.293192,1.11892,-1.76655,1.32061,-2.23777,-2.99192,-3.17493,0.0440661,-0.0561224,0.13107,0.02683,0.0163049,0.0615923,0.322756,-0.038221,-0.00501967,0.00281272,-0.0531837,0.0518149,0.100949,0.977013,0.274376,-0.354263,-2.06924,4.47387,-0.279924,-3.37127,-1.19956,0.19846,1.03701,0.274766,0,0,0,0,0,0,0,0,0,0
34.405,15.8691,0.285452,0.0126531,-0.00314544,0.459104,0.888287,-0.275639,0.999593,-1.729,0.302592,0.767481,-1.92817,-0.25457,0.945335,-1.96033,0.295113,1.12946,-1.76402,1.32061,-2.23777,-2.99192,-3.17493,0.0440661,-0.0561224,0.13107,0.02683,0.0163049,0.0615923,0.325398,-0.0386526,-0.0130968,0.0302788,-0.0500115,0.0562906,0.0674304,0.9929,0.24969,-0.419032,-1.9612,5.0604,-0.18093,-3.48762,-0.105379,0.185824,1.06593,0.239088,0,0,0,0,0,0,0,0,0,0
34.4072,15.8715,0.285306,0.0129801,-0.00323295,0.459359,0.88815,-0.275213,1.00967,-1.72674,0.299009,0.750129,-1.88141,-0.25653,0.911775,-1.95912,0.296844,1.14026,-1.76181,1.32061,-2.23777,-2.99192,-3.17493,0.0440661,-0.0561224,0.13107,0.02683,0.0163049,0.0615923,0.3287,-0.0389265,-0.0229745,0.0683753,-0.0397387,0.0585372,0.0228659,1.01141,0.215668,-0.340429,-1.59441,4.56066,-0.164693,-3.34082,0.639614,0.15824,1.08366,0.214875,0,0,0,0,0,0,0,0,0,0
34.4095,15.874,0.285089,0.0134943,-0.00314195,0.459617,0.888009,-0.275311,1.01978,-1.72464,0.295579,0.736239,-1.83523,-0.257211,0.877989,-1.94036,0.298119,1.15109,-1.75966,1.32061,-2.23777,-2.99192,-3.17493,0.0440661,-0.0561224,0.13107,0.02683,0.0163049,0.0615923,0.332424,-0.03922,-0.0302807,0.115026,-0.0269108,0.0577024,-0.0252356,1.01743,0.200963,-0.314905,-1.22041,4.47204,-0.041573,-3.28534,2.2575,0.115538,1.08857,0.208404,0,0,0,0,0,0,0,0,0,0
34.4117,15.8765,0.284778,0.0141252,-0.00294167,0.459867,0.887871,-0.275737,1.03012,-1.72286,0.293047,0.726739,-1.79451,-0.257663,0.84786,-1.91704,0.299165,1.16208,-1.75769,1.32061,-2.23777,-2.99192,-3.17493,0.0440661,-0.0561224,0.13107,0.02683,0.0163049,0.0615923,0.336497,-0.0400213,-0.0397703,0.148513,-0.0149557,0.0547514,-0.0621713,1.04282,0.16167,-0.234244,-0.774085,3.93481,-0.0153648,-2.89894,2.73798,0.0869942,1.09942,0.197711,0,0,0,0,0,0,0,0,0,0
34.414,15.8791,0.284397,0.0149355,-0.00253116,0.460097,0.887739,-0.276732,1.04063,-1.72145,0.290761,0.722205,-1.75676,-0.257133,0.819893,-1.8789,0.299645,1.17297,-1.75559,1.32061,-2.23777,-2.99192,-3.17493,0.0440661,-0.0561224,0.13107,0.02683,0.0163049,0.0615923,0.34053,-0.0396975,-0.0445624,0.189058,-0.00159556,0.0454384,-0.105026,1.05591,0.141509,-0.18258,-0.057891,2.99681,0.0461766,-2.61911,4.06252,0.0363178,1.089,0.215723,0,0,0,0,0,0,0,0,0,0
34.4163,15.8817,0.284033,0.0157487,-0.00228135,0.460238,0.887653,-0.277466,1.05119,-1.71952,0.290043,0.72899,-1.74461,-0.256826,0.797545,-1.83996,0.300122,1.18408,-1.75333,1.32061,-2.23777,-2.99192,-3.17493,0.0440661,-0.0561224,0.13107,0.02683,0.0163049,0.0615923,0.341044,-0.0397468,-0.0387056,0.148537,-0.0572034,0.0204233,-0.0473334,1.06505,0.229038,-0.00988565,1.03547,0.407463,0.0461604,-1.99843,3.99882,0.0579231,1.13854,0.227056,0,0,0,0,0,0,0,0,0,0
34.4185,15.8842,0.283754,0.0165431,-0.00249551,0.460225,0.887645,-0.27759,1.06205,-1.71659,0.29051,0.742122,-1.74583,-0.256057,0.780918,-1.79526,0.300784,1.19611,-1.75117,1.32061,-2.23777,-2.99192,-3.17493,0.0440661,-0.0561224,0.13107,0.02683,0.0163049,0.0615923,0.341941,-0.0374242,-0.0300119,0.0988099,-0.149308,-0.0162015,0.016697,1.09459,0.346812,0.0815075,1.44013,-0.333465,0.0641295,-1.39147,4.48139,0.0762575,1.24575,0.20994,0,0,0,0,0,0,0,0,0,0
34.4208,15.8868,0.283666,0.0171882,-0.00276878,0.460163,0.887664,-0.277303,1.07212,-1.71275,0.2914,0.756472,-1.75043,-0.255729,0.779271,-1.77384,0.301415,1.20697,-1.74771,1.32061,-2.23777,-2.99192,-3.17493,0.0440661,-0.0561224,0.13107,0.02683,0.0163049,0.0615923,0.332603,-0.0360624,-0.00532055,0.0880129,-0.0780012,-0.00981861,0.0270028,0.964202,0.378966,0.0861359,1.41227,-0.500797,0.0159395,0.428475,1.06515,0.0484231,0.986752,0.424634,0,0,0,0,0,0,0,0,0,0
34.423,15.8892,0.283788,0.0176535,-0.0026631,0.46014,0.887667,-0.277168,1.08128,-1.70941,0.292123,0.769923,-1.75539,-0.255694,0.787525,-1.77054,0.301649,1.21537,-1.74245,1.32061,-2.23777,-2.99192,-3.17493,0.0440661,-0.0561224,0.13107,0.02683,0.0163049,0.0615923,0.324395,-0.0346067,0.0144809,0.0955921,0.0142361,-0.000452436,0.00721509,0.869387,0.323305,0.0615135,1.29004,-0.47818,0.00112411,0.972863,0.0265324,0.00704769,0.732254,0.60504,0,0,0,0,0,0,0,0,0,0
34.4251,15.8917,0.2841,0.0179445,-0.00212008,0.460167,0.887649,-0.277198,1.08921,-1.70637,0.292557,0.781894,-1.75965,-0.255656,0.79758,-1.77166,0.301433,1.22109,-1.73523,1.32061,-2.23777,-2.99192,-3.17493,0.0440661,-0.0561224,0.13107,0.02683,0.0163049,0.0615923,0.317231,-0.0334378,0.030074,0.0979031,0.0975923,0.00421763,-0.0094895,0.77019,0.236719,0.0408924,1.14558,-0.386232,0.00968196,1.00927,-0.154796,-0.0309902,0.497138,0.770414,0,0,0,0,0,0,0,0,0,0
34.4272,15.894,0.284438,0.0179626,-0.00143288,0.460158,0.887654,-0.277307,1.0972,-1.7062,0.293234,0.792829,-1.76289,-0.255339,0.807805,-1.77358,0.301264,1.22566,-1.72747,1.32061,-2.23777,-2.99192,-3.17493,0.0440661,-0.0561224,0.13107,0.02683,0.0163049,0.0615923,0.313764,-0.0321063,0.0274754,0.0471205,0.135373,-0.0103265,-0.00825431,0.802675,-0.0796276,0.084817,1.06106,-0.290331,0.0464794,1.01579,-0.192596,-0.0103583,0.425243,0.786948,0,0,0,0,0,0,0,0,0,0
34.4292,15.8964,0.28474,0.01773,-0.000695627,0.460096,0.887692,-0.277478,1.10509,-1.70897,0.294266,0.803102,-1.76551,-0.254705,0.817656,-1.77514,0.301199,1.22947,-1.71938,1.32061,-2.23777,-2.99192,-3.17493,0.0440661,-0.0561224,0.13107,0.02683,0.0163049,0.0615923,0.311009,-0.0299517,0.0233782,0.00838292,0.158702,-0.0226515,-0.0667213,0.802456,-0.942338,0.118505,1.00721,-0.234897,0.0758108,0.971966,-0.134108,-0.00189121,0.361105,0.815135,0,0,0,0,0,0,0,0,0,0
34.4313,15.8988,0.284973,0.0172807,-9.32616e-05,0.459944,0.88778,-0.279163,1.11202,-1.73468,0.295736,0.813049,-1.76729,-0.253798,0.827568,-1.7764,0.301269,1.2332,-1.71137,1.32061,-2.23777,-2.99192,-3.17493,0.0440661,-0.0561224,0.13107,0.02683,0.0163049,0.0615923,0.311417,-0.026622,0.0167104,-0.0406244,0.133477,-0.0481716,-0.17371,0.488062,-3.05722,0.160505,0.994904,-0.140924,0.0936768,1.01377,-0.123894,0.00766082,0.392847,0.788898,0,0,0,0,0,0,0,0,0,0
34.4333,15.9012,0.285152,0.016786,0.000241049,0.459663,0.887935,-0.280501,1.11335,-1.76568,0.297484,0.823145,-1.76823,-0.252895,0.838174,-1.77767,0.301322,1.23755,-1.70366,1.32061,-2.23777,-2.99192,-3.17493,0.0440661,-0.0561224,0.13107,0.02683,0.0163049,0.0615923,0.314618,-0.0226119,0.0121335,-0.0681711,0.0886643,-0.0745647,-0.138,-0.0524499,-3.34641,0.182377,1.01861,-0.0702807,0.0889357,1.08247,-0.124571,0.00414685,0.45147,0.767699,0,0,0,0,0,0,0,0,0,0
34.4353,15.9036,0.285293,0.0162552,0.000391024,0.459299,0.888133,-0.282397,1.11069,-1.80569,0.299367,0.83345,-1.76871,-0.252019,0.849161,-1.77877,0.301347,1.24213,-1.6959,1.32061,-2.23777,-2.99192,-3.17493,0.0440661,-0.0561224,0.13107,0.02683,0.0163049,0.0615923,0.317863,-0.018039,0.00896494,-0.0878007,0.061079,-0.089631,-0.186746,-0.469502,-4.09476,0.190766,1.0422,-0.0313426,0.0841034,1.11691,-0.104331,0.00101175,0.470289,0.776122,0,0,0,0,0,0,0,0,0,0
34.4372,15.9062,0.285407,0.0157447,0.000363017,0.458868,0.888365,-0.283907,1.10272,-1.84399,0.30128,0.844093,-1.76883,-0.251266,0.860649,-1.77979,0.301327,1.24711,-1.6882,1.32061,-2.23777,-2.99192,-3.17493,0.0440661,-0.0561224,0.13107,0.02683,0.0163049,0.0615923,0.322184,-0.0136192,0.00614399,-0.0960341,0.0308441,-0.100641,-0.145124,-1.00088,-3.71892,0.188262,1.07669,-0.00550774,0.0707976,1.15955,-0.0936048,-0.00368735,0.51105,0.765102,0,0,0,0,0,0,0,0,0,0
34.4392,15.9087,0.285492,0.0152647,0.000265665,0.458433,0.888598,-0.285656,1.08997,-1.88069,0.303048,0.85498,-1.76887,-0.250606,0.872202,-1.78049,0.301268,1.25227,-1.68061,1.32061,-2.23777,-2.99192,-3.17493,0.0440661,-0.0561224,0.13107,0.02683,0.0163049,0.0615923,0.324947,-0.00931312,0.00335956,-0.0935277,0.0206676,-0.097508,-0.184351,-1.44893,-3.52938,0.169106,1.09761,-0.00174331,0.0605389,1.15752,-0.059034,-0.00912385,0.522615,0.756038,0,0,0,0,0,0,0,0,0,0
34.4412,15.9114,0.285549,0.0148342,0.000123108,0.458004,0.888826,-0.287559,1.07346,-1.91266,0.304622,0.866096,-1.76885,-0.25011,0.883873,-1.78099,0.301111,1.25763,-1.67321,1.32061,-2.23777,-2.99192,-3.17493,0.0440661,-0.0561224,0.13107,0.02683,0.0163049,0.0615923,0.32784,-0.00529834,-0.000279899,-0.0853203,0.0063299,-0.0943261,-0.195199,-1.79386,-2.97658,0.14627,1.1209,0.00423728,0.0419907,1.17199,-0.0441037,-0.0190157,0.553617,0.68849,0,0,0,0,0,0,0,0,0,0
34.4431,15.914,0.285553,0.0145216,-6.14954e-05,0.457621,0.889029,-0.289634,1.05334,-1.93944,0.305861,0.877443,-1.76879,-0.249811,0.895661,-1.78138,0.300881,1.26351,-1.66773,1.32061,-2.23777,-2.99192,-3.17493,0.0440661,-0.0561224,0.13107,0.02683,0.0163049,0.0615923,0.328417,-0.00235174,-0.00610468,-0.0668354,-0.0117477,-0.0812279,-0.217033,-2.12102,-2.48363,0.111544,1.14308,0.00607697,0.0228667,1.18438,-0.0384065,-0.0258295,0.601677,0.483901,0,0,0,0,0,0,0,0,0,0
34.445,15.9167,0.285505,0.0142903,-0.000277893,0.457288,0.889204,-0.291915,1.03128,-1.96139,0.306848,0.888968,-1.76873,-0.249655,0.90758,-1.78179,0.300595,1.26957,-1.66431,1.32061,-2.23777,-2.99192,-3.17493,0.0440661,-0.0561224,0.13107,0.02683,0.0163049,0.0615923,0.328555,-0.000151987,-0.011299,-0.0564444,-0.0227948,-0.0703577,-0.219186,-2.29947,-1.93982,0.0895831,1.15536,0.0085961,0.0107948,1.19282,-0.0373374,-0.0228167,0.623107,-0.0673411,0,0,0,0,0,0,0,0,0,0
34.4469,15.9194,0.285406,0.0141407,-0.000537603,0.45701,0.889349,-0.293738,1.00641,-1.9764,0.307632,0.900543,-1.76855,-0.249565,0.919545,-1.78214,0.30024,1.27437,-1.67468,1.32061,-2.23777,-2.99192,-3.17493,0.0440661,-0.0561224,0.13107,0.02683,0.0163049,0.0615923,0.327207,0.000223279,-0.0166995,-0.0517831,-0.0441632,-0.0543527,-0.173876,-2.55114,-1.29651,0.0746994,1.16467,0.0270325,0.0127163,1.21101,-0.0445744,-0.0754344,0.218502,-1.31429,0,0,0,0,0,0,0,0,0,0
34.4488,15.922,0.285255,0.0140187,-0.000937354,0.456822,0.889447,-0.295497,0.980881,-1.98727,0.308375,0.912319,-1.76812,-0.249321,0.931931,-1.78278,0.298972,1.27245,-1.68914,1.32061,-2.23777,-2.99192,-3.17493,0.0440661,-0.0561224,0.13107,0.02683,0.0163049,0.0615923,0.32754,-0.000364975,-0.0213136,-0.0584178,-0.0690439,-0.0341063,-0.154797,-2.60254,-0.84514,0.0699709,1.17876,0.0561177,0.0280316,1.24659,-0.0664627,-0.118666,-0.36418,-1.90194,0,0,0,0,0,0,0,0,0,0
