0.177881,0.00842378,0.216916,0.0139911,0.0693639,-0.0205146,0.997282,0.16824,1.1869,-2.03345,-0.185002,1.16243,-2.09145,0.0198604,1.01064,-1.87155,0.0410098,1.03678,-1.94629,1.13834,-2.2159,-3.12694,-3.50844,-0.000223024,0.0249524,0.00831963,0.020561,-0.000852741,-0.00545944,-0.227409,0.0310497,-0.117894,-0.0970883,-0.369991,-0.0670398,0.0704061,-0.267086,-0.54438,-0.0191309,-0.515117,-0.329784,-0.05898,0.190748,-1.37171,-0.144512,0.00883074,-1.01342,0,0,0,0,0,0,0,0,0,0
0.17537,0.00886597,0.216051,0.0134561,0.0674536,-0.020834,0.997414,0.168867,1.1839,-2.03902,-0.185167,1.15698,-2.09481,0.0193116,1.01252,-1.88533,0.0395323,1.03682,-1.9567,1.13834,-2.2159,-3.12694,-3.50844,-0.000223024,0.0249524,0.00831963,0.020561,-0.000852741,-0.00545944,-0.245816,0.0313132,-0.123218,-0.0937327,-0.397391,-0.0642082,0.0574685,-0.320584,-0.566425,-0.0135958,-0.564945,-0.341207,-0.0537757,0.185923,-1.38969,-0.150412,0.00203295,-1.06122,0,0,0,0,0,0,0,0,0,0
0.172678,0.00931881,0.215149,0.0129362,0.0653998,-0.0211406,0.997551,0.169353,1.18037,-2.04478,-0.185262,1.15104,-2.09826,0.0188118,1.01432,-1.89928,0.0379913,1.03682,-1.96756,1.13834,-2.2159,-3.12694,-3.50844,-0.000223024,0.0249524,0.00831963,0.020561,-0.000852741,-0.00545944,-0.263459,0.0313713,-0.127908,-0.0890646,-0.426068,-0.0605241,0.0415815,-0.375278,-0.580947,-0.00744235,-0.612728,-0.347085,-0.0482748,0.176187,-1.39836,-0.157356,-0.00264216,-1.10385,0,0,0,0,0,0,0,0,0,0
0.169813,0.00978112,0.214213,0.0124483,0.0632022,-0.0214319,0.997693,0.169643,1.17628,-2.05067,-0.185311,1.14464,-2.10176,0.0183277,1.01601,-1.91339,0.0363502,1.03674,-1.97886,1.13834,-2.2159,-3.12694,-3.50844,-0.000223024,0.0249524,0.00831963,0.020561,-0.000852741,-0.00545944,-0.280429,0.0314299,-0.132208,-0.0817355,-0.453491,-0.0564914,0.0206959,-0.431235,-0.594206,-0.00317348,-0.65947,-0.351552,-0.0471781,0.161729,-1.41551,-0.168045,-0.0131657,-1.14343,0,0,0,0,0,0,0,0,0,0
0.166787,0.0102516,0.213246,0.0119835,0.0608808,-0.0217044,0.997837,0.169761,1.17163,-2.05666,-0.185299,1.13776,-2.10528,0.0178974,1.01751,-1.92761,0.0346323,1.0365,-1.99047,1.13834,-2.2159,-3.12694,-3.50844,-0.000223024,0.0249524,0.00831963,0.020561,-0.000852741,-0.00545944,-0.296287,0.031369,-0.135746,-0.0796286,-0.477032,-0.0522177,0.00727198,-0.488526,-0.602283,0.00600009,-0.70634,-0.351182,-0.0392441,0.1418,-1.42678,-0.173293,-0.0321406,-1.17194,0,0,0,0,0,0,0,0,0,0
0.163612,0.0107283,0.212251,0.0115023,0.058445,-0.0219601,0.997983,0.169793,1.16641,-2.06271,-0.185101,1.13043,-2.10878,0.017587,1.01882,-1.94197,0.0328962,1.03605,-2.00232,1.13834,-2.2159,-3.12694,-3.50844,-0.000223024,0.0249524,0.00831963,0.020561,-0.000852741,-0.00545944,-0.310842,0.0311449,-0.13863,-0.0850977,-0.499382,-0.0494008,0.000831278,-0.54278,-0.605745,0.0301731,-0.749629,-0.349779,-0.0254335,0.124054,-1.4417,-0.173898,-0.0538,-1.19349,0,0,0,0,0,0,0,0,0,0
0.160302,0.011209,0.211229,0.010995,0.0559005,-0.022205,0.998129,0.169747,1.16067,-2.06876,-0.184634,1.1227,-2.11227,0.0173992,1.01996,-1.95649,0.0311317,1.03538,-2.01437,1.13834,-2.2159,-3.12694,-3.50844,-0.000223024,0.0249524,0.00831963,0.020561,-0.000852741,-0.00545944,-0.323945,0.0308189,-0.140849,-0.0868443,-0.520247,-0.0474068,-0.0109313,-0.595029,-0.603081,0.0553186,-0.787518,-0.348135,-0.0157673,0.105833,-1.45553,-0.180073,-0.0762157,-1.2096,0,0,0,0,0,0,0,0,0,0
0.156877,0.011692,0.210187,0.0105046,0.0532579,-0.0224381,0.998273,0.169501,1.15442,-2.07475,-0.183951,1.11464,-2.11574,0.0172756,1.0209,-1.97109,0.0292684,1.03449,-2.02653,1.13834,-2.2159,-3.12694,-3.50844,-0.000223024,0.0249524,0.00831963,0.020561,-0.000852741,-0.00545944,-0.335323,0.0304067,-0.142067,-0.0818287,-0.53894,-0.0441507,-0.0338996,-0.645133,-0.594171,0.0770841,-0.818096,-0.344677,-0.00959004,0.0837849,-1.46145,-0.189958,-0.0990864,-1.21794,0,0,0,0,0,0,0,0,0,0
0.153355,0.0121753,0.209131,0.0100446,0.0505273,-0.0226547,0.998415,0.168999,1.14769,-2.08061,-0.183038,1.10632,-2.11916,0.0172057,1.0216,-1.98572,0.0273087,1.03336,-2.03872,1.13834,-2.2159,-3.12694,-3.50844,-0.000223024,0.0249524,0.00831963,0.020561,-0.000852741,-0.00545944,-0.344782,0.0299198,-0.14229,-0.0743899,-0.555725,-0.040092,-0.0614659,-0.691487,-0.578655,0.100913,-0.840166,-0.339744,-0.00558222,0.0610642,-1.46236,-0.200026,-0.121417,-1.21909,0,0,0,0,0,0,0,0,0,0
0.149031,0.0127536,0.207854,0.00962642,0.0477201,-0.0228513,0.998553,0.168206,1.14052,-2.08626,-0.181875,1.09783,-2.12252,0.0171669,1.02205,-2.00029,0.0252507,1.03201,-2.05087,1.13834,-2.2159,-3.12694,-3.50844,-0.000223024,0.0249524,0.00831963,0.020561,-0.000852741,-0.00545944,-0.353224,0.0293088,-0.141578,-0.0658499,-0.570213,-0.0352944,-0.0916532,-0.733061,-0.556914,0.128203,-0.852655,-0.333806,-0.00285654,0.0364297,-1.45547,-0.209415,-0.143205,-1.21288,0,0,0,0,0,0,0,0,0,0
0.146107,0.0131376,0.207002,0.00924879,0.0448413,-0.0230253,0.998686,0.167106,1.13297,-2.09166,-0.180412,1.08929,-2.1258,0.0171535,1.02227,-2.01476,0.0231049,1.03046,-2.06293,1.13834,-2.2159,-3.12694,-3.50844,-0.000223024,0.0249524,0.00831963,0.020561,-0.000852741,-0.00545944,-0.357328,0.028984,-0.139688,-0.0578633,-0.583935,-0.0303103,-0.121998,-0.767206,-0.527315,0.159093,-0.854445,-0.324056,-0.000342685,0.0143366,-1.43974,-0.21794,-0.162058,-1.2003,0,0,0,0,0,0,0,0,0,0
0.142428,0.0136167,0.205941,0.00890375,0.041888,-0.0231797,0.998814,0.16571,1.12515,-2.09671,-0.17861,1.08079,-2.12895,0.0171646,1.02235,-2.02903,0.0208773,1.02875,-2.07483,1.13834,-2.2159,-3.12694,-3.50844,-0.000223024,0.0249524,0.00831963,0.020561,-0.000852741,-0.00545944,-0.359992,0.0288292,-0.136972,-0.05189,-0.598876,-0.0263509,-0.151442,-0.790726,-0.489866,0.194842,-0.844211,-0.308759,0.00204652,0.00327507,-1.41858,-0.225908,-0.175417,-1.18261,0,0,0,0,0,0,0,0,0,0
0.138746,0.0140962,0.204891,0.00858482,0.0388643,-0.0233159,0.998936,0.164011,1.11715,-2.10138,-0.176437,1.07247,-2.13194,0.0171995,1.02231,-2.04305,0.018575,1.02693,-2.08651,1.13834,-2.2159,-3.12694,-3.50844,-0.000223024,0.0249524,0.00831963,0.020561,-0.000852741,-0.00545944,-0.360409,0.0289577,-0.133329,-0.0468108,-0.611116,-0.0220233,-0.182357,-0.806124,-0.451587,0.232319,-0.823354,-0.291889,0.00485979,-0.0109157,-1.38807,-0.232624,-0.188117,-1.15801,0,0,0,0,0,0,0,0,0,0
0.135081,0.0145768,0.203862,0.00828185,0.0358008,-0.0234235,0.99905,0.162021,1.10902,-2.10566,-0.173899,1.06439,-2.13473,0.0173033,1.02202,-2.05666,0.0162414,1.02494,-2.09788,1.13834,-2.2159,-3.12694,-3.50844,-0.000223024,0.0249524,0.00831963,0.020561,-0.000852741,-0.00545944,-0.358742,0.0292322,-0.128535,-0.0449592,-0.616419,-0.0151906,-0.210399,-0.816629,-0.413227,0.268263,-0.795403,-0.270936,0.0142505,-0.0401891,-1.34199,-0.233698,-0.205451,-1.12127,0,0,0,0,0,0,0,0,0,0
0.131457,0.015059,0.202861,0.00798812,0.0327224,-0.0234924,0.999156,0.159749,1.10083,-2.10955,-0.171022,1.05665,-2.13728,0.0175036,1.02143,-2.06976,0.0139016,1.02279,-2.10883,1.13834,-2.2159,-3.12694,-3.50844,-0.000223024,0.0249524,0.00831963,0.020561,-0.000852741,-0.00545944,-0.354909,0.0297284,-0.122841,-0.0434171,-0.617635,-0.00684047,-0.238481,-0.819718,-0.373297,0.301355,-0.759239,-0.244262,0.0238293,-0.0710412,-1.28896,-0.234007,-0.221167,-1.07711,0,0,0,0,0,0,0,0,0,0
0.127894,0.0155437,0.201896,0.00770487,0.0296491,-0.0235163,0.999254,0.157199,1.09265,-2.11304,-0.167805,1.0493,-2.1395,0.017792,1.02054,-2.08229,0.0115614,1.02049,-2.1193,1.13834,-2.2159,-3.12694,-3.50844,-0.000223024,0.0249524,0.00831963,0.020561,-0.000852741,-0.00545944,-0.348909,0.0304216,-0.116369,-0.0410423,-0.614641,0.00257964,-0.266252,-0.815347,-0.331855,0.335735,-0.717634,-0.205726,0.031731,-0.101871,-1.22932,-0.234176,-0.235373,-1.02582,0,0,0,0,0,0,0,0,0,0
0.124414,0.0160311,0.200973,0.00744083,0.0266031,-0.0234908,0.999342,0.15437,1.08457,-2.11611,-0.164236,1.04243,-2.14131,0.0181439,1.01934,-2.09419,0.00921778,1.01806,-2.12921,1.13834,-2.2159,-3.12694,-3.50844,-0.000223024,0.0249524,0.00831963,0.020561,-0.000852741,-0.00545944,-0.340677,0.0312505,-0.109297,-0.0370779,-0.606964,0.0127671,-0.29362,-0.802262,-0.290577,0.370444,-0.664534,-0.164173,0.037376,-0.132006,-1.16252,-0.234285,-0.247663,-0.967695,0,0,0,0,0,0,0,0,0,0
0.121038,0.016521,0.200095,0.00719868,0.0236054,-0.0234146,0.999421,0.151286,1.07665,-2.11878,-0.160379,1.03611,-2.1427,0.0185411,1.01786,-2.10542,0.00687872,1.01553,-2.13853,1.13834,-2.2159,-3.12694,-3.50844,-0.000223024,0.0249524,0.00831963,0.020561,-0.000852741,-0.00545944,-0.330609,0.0321834,-0.102092,-0.0338246,-0.595825,0.0227127,-0.31747,-0.7827,-0.251903,0.395348,-0.609392,-0.123496,0.0415953,-0.157343,-1.09551,-0.233043,-0.256904,-0.906842,0,0,0,0,0,0,0,0,0,0
0.117781,0.017013,0.199267,0.00691956,0.0200976,-0.0232597,0.999503,0.147326,1.06749,-2.12149,-0.15551,1.0293,-2.14389,0.0190852,1.01578,-2.11797,0.00412003,1.01238,-2.14885,1.13834,-2.2159,-3.12694,-3.50844,-0.000223024,0.0249524,0.00831963,0.020561,-0.000852741,-0.00545944,-0.318598,0.0331216,-0.0949713,-0.0339825,-0.577596,0.0336734,-0.337904,-0.749064,-0.207633,0.41101,-0.53641,-0.083773,0.0481668,-0.183625,-1.01035,-0.226992,-0.265539,-0.826721,0,0,0,0,0,0,0,0,0,0
0.114662,0.0175064,0.198491,0.00672682,0.0178257,-0.023122,0.999551,0.144575,1.06163,-2.12301,-0.152202,1.02525,-2.14444,0.0194951,1.01424,-2.12577,0.00233598,1.01024,-2.15519,1.13834,-2.2159,-3.12694,-3.50844,-0.000223024,0.0249524,0.00831963,0.020561,-0.000852741,-0.00545944,-0.305149,0.034144,-0.0868827,-0.0369981,-0.563356,0.0399082,-0.347091,-0.7209,-0.179651,0.414357,-0.487817,-0.0598735,0.0530479,-0.196994,-0.952558,-0.220444,-0.26824,-0.771492,0,0,0,0,0,0,0,0,0,0
